class_name,run,start,end,duration,size,area,max_front_radius,front_velocity,fractal_dimension_box,radius_of_gyration,anisotropy
weak_chaos,0,56,130,74,0.11411403119564056,74,0.0,0.0,1.0,21.360010147094727,1.0
weak_chaos,0,218,288,70,0.10249529033899307,70,0.0,0.0,1.0,20.205198287963867,1.0
weak_chaos,0,370,452,82,0.24176613986492157,82,0.0,0.0,1.0,23.669601440429688,1.0
weak_chaos,0,528,606,78,0.23022504150867462,78,0.0,0.0,1.0,22.51481056213379,1.0
weak_chaos,0,680,759,79,0.2782873809337616,79,0.0,0.0,1.0,22.803508758544922,1.0
weak_chaos,0,838,915,77,0.26755672693252563,77,0.0,0.0,1.0,22.226110458374023,1.0
weak_chaos,0,992,1067,75,0.2846512198448181,75,0.0,0.0,1.0,21.648710250854492,1.0
weak_chaos,0,1151,1224,73,0.27641770243644714,73,0.0,0.0,1.0,21.071308135986328,1.0
weak_chaos,0,1306,1378,72,0.2952086925506592,72,0.0,0.0,1.0,20.782604217529297,1.0
weak_chaos,0,1466,1537,71,0.28751158714294434,71,0.0,0.0,1.0,20.4939022064209,1.0
weak_chaos,0,1622,1693,71,0.33755847811698914,71,0.0,0.0,1.0,20.4939022064209,1.0
weak_chaos,0,1782,1852,70,0.3285713791847229,70,0.0,0.0,1.0,20.205198287963867,1.0
weak_chaos,0,1938,2011,73,0.4604884684085846,73,0.0,0.0,1.0,21.071308135986328,1.0
weak_chaos,0,2095,2100,5,0.004441879689693451,5,0.0,0.0,0.41425326466560364,1.4142135381698608,1.0
weak_chaos,1,56,131,75,0.13775283098220825,75,0.0,0.0,1.0,21.648710250854492,1.0
weak_chaos,1,218,289,71,0.13056978583335876,71,0.0,0.0,1.0,20.4939022064209,1.0
weak_chaos,1,371,448,77,0.24008259177207947,77,0.0,0.0,1.0,22.226110458374023,1.0
weak_chaos,1,529,604,75,0.23293830454349518,75,0.0,0.0,1.0,21.648710250854492,1.0
weak_chaos,1,683,760,77,0.3092430531978607,77,0.0,0.0,1.0,22.226110458374023,1.0
weak_chaos,1,840,915,75,0.3038445711135864,75,0.0,0.0,1.0,21.648710250854492,1.0
weak_chaos,1,994,1069,75,0.34768491983413696,75,0.0,0.0,1.0,21.648710250854492,1.0
weak_chaos,1,1152,1225,73,0.34532976150512695,73,0.0,0.0,1.0,21.071308135986328,1.0
weak_chaos,1,1306,1380,74,0.37597236037254333,74,0.0,0.0,1.0,21.360010147094727,1.0
weak_chaos,1,1464,1536,72,0.3763419985771179,72,0.0,0.0,1.0,20.782604217529297,1.0
weak_chaos,1,1619,1692,73,0.4076647162437439,73,0.0,0.0,1.0,21.071308135986328,1.0
weak_chaos,1,1778,1849,71,0.40927645564079285,71,0.0,0.0,1.0,20.4939022064209,1.0
weak_chaos,1,1934,2005,71,0.4526543617248535,71,0.0,0.0,1.0,20.4939022064209,1.0
weak_chaos,1,2093,2100,7,0.0109398253262043,7,0.0,0.0,0.622066855430603,2.0,1.0
weak_chaos,2,57,114,57,0.039308223873376846,57,0.0,0.0,1.0,16.451950073242188,1.0
weak_chaos,2,216,275,59,0.052913129329681396,59,0.0,0.0,1.0,17.029386520385742,1.0
weak_chaos,2,371,432,61,0.06635459512472153,61,0.0,0.0,1.0,17.606815338134766,1.0
weak_chaos,2,525,591,66,0.09536758065223694,66,0.0,0.0,1.0,19.050373077392578,1.0
weak_chaos,2,681,748,67,0.1086348295211792,67,0.0,0.0,1.0,19.339078903198242,1.0
weak_chaos,2,833,904,71,0.1401282250881195,71,0.0,0.0,1.0,20.4939022064209,1.0
weak_chaos,2,988,1061,73,0.15561310946941376,73,0.0,0.0,1.0,21.071308135986328,1.0
weak_chaos,2,1143,1203,60,0.10305577516555786,60,0.0,0.0,1.0,17.318103790283203,1.0
weak_chaos,2,1295,1361,66,0.13327980041503906,66,0.0,0.0,1.0,19.050373077392578,1.0
weak_chaos,2,1455,1488,33,0.020634759217500687,33,0.0,0.0,1.0,9.521904945373535,1.0
weak_chaos,2,1593,1653,60,0.12636269629001617,60,0.0,0.0,1.0,17.318103790283203,1.0
weak_chaos,2,1754,1807,53,0.11661601066589355,53,0.0,0.0,1.0,15.29705810546875,1.0
weak_chaos,2,1907,1974,67,0.32148730754852295,67,0.0,0.0,1.0,19.339078903198242,1.0
weak_chaos,2,2069,2100,31,0.15387552976608276,31,0.0,0.0,1.0,8.9442720413208,1.0
weak_chaos,3,52,110,58,0.029246259480714798,58,0.0,0.0,1.0,16.74066925048828,1.0
weak_chaos,3,199,258,59,0.04148831218481064,59,0.0,0.0,1.0,17.029386520385742,1.0
weak_chaos,3,349,415,66,0.05792269855737686,66,0.0,0.0,1.0,19.050373077392578,1.0
weak_chaos,3,550,643,93,0.16057336330413818,93,0.0,0.0,1.0,26.84523582458496,1.0
weak_chaos,3,706,795,89,0.15308192372322083,89,0.0,0.0,1.0,25.690465927124023,1.0
weak_chaos,3,858,949,91,0.1486627757549286,91,0.0,0.0,1.0,26.267850875854492,1.0
weak_chaos,3,1005,1100,95,0.1503879874944687,95,0.0,0.0,1.0,27.422618865966797,1.0
weak_chaos,3,1156,1251,95,0.15385101735591888,95,0.0,0.0,1.0,27.422618865966797,1.0
weak_chaos,3,1316,1412,96,0.3644179701805115,96,0.0,0.0,1.0,27.7113094329834,1.0
weak_chaos,3,1467,1562,95,0.3578221797943115,95,0.0,0.0,1.0,27.422618865966797,1.0
weak_chaos,3,1617,1715,98,0.3656412363052368,98,0.0,0.0,1.0,28.2886905670166,1.0
weak_chaos,3,1770,1868,98,0.2643316388130188,98,0.0,0.0,1.0,28.2886905670166,1.0
weak_chaos,3,1919,2018,99,0.2609504461288452,99,0.0,0.0,1.0,28.577381134033203,1.0
weak_chaos,3,2069,2100,31,0.05254063382744789,31,0.0,0.0,1.0,8.9442720413208,1.0
weak_chaos,4,55,119,64,0.05917966738343239,64,0.0,0.0,1.0,18.47295379638672,1.0
weak_chaos,4,210,275,65,0.07778158783912659,65,0.0,0.0,1.0,18.76166343688965,1.0
weak_chaos,4,363,431,68,0.09331632405519485,68,0.0,0.0,1.0,19.62778663635254,1.0
weak_chaos,4,515,582,67,0.1041647344827652,67,0.0,0.0,1.0,19.339078903198242,1.0
weak_chaos,4,668,739,71,0.12067034840583801,71,0.0,0.0,1.0,20.4939022064209,1.0
weak_chaos,4,823,877,54,0.0567004457116127,54,0.0,0.0,1.0,15.585783958435059,1.0
weak_chaos,4,969,1033,64,0.08192240446805954,64,0.0,0.0,1.0,18.47295379638672,1.0
weak_chaos,4,1134,1158,24,0.004190441220998764,24,0.0,0.0,1.0,6.922186851501465,1.0
weak_chaos,4,1253,1313,60,0.03505009412765503,60,0.0,0.0,1.0,17.318103790283203,1.0
weak_chaos,4,1410,1450,40,0.010777555406093597,40,0.0,0.0,1.0,11.54339599609375,1.0
weak_chaos,4,1540,1595,55,0.01970415562391281,55,0.0,0.0,1.0,15.874506950378418,1.0
weak_chaos,4,1693,1739,46,0.01408802717924118,46,0.0,0.0,1.0,13.275918006896973,1.0
weak_chaos,4,1835,1883,48,0.012526854872703552,48,0.0,0.0,1.0,13.853399276733398,1.0
weak_chaos,4,1986,2033,47,0.016350198537111282,47,0.0,0.0,1.0,13.56466007232666,1.0
weak_chaos,5,49,111,62,0.039398595690727234,62,0.0,0.0,1.0,17.895530700683594,1.0
weak_chaos,5,200,244,44,0.01671813428401947,44,0.0,0.0,1.0,12.69842529296875,1.0
weak_chaos,5,341,400,59,0.03330978751182556,59,0.0,0.0,1.0,17.029386520385742,1.0
weak_chaos,5,532,589,57,0.011991690844297409,57,0.0,0.0,1.0,16.451950073242188,1.0
weak_chaos,5,701,750,49,0.011162947863340378,49,0.0,0.0,1.0,14.142135620117188,1.0
weak_chaos,5,848,906,58,0.02726517617702484,58,0.0,0.0,1.0,16.74066925048828,1.0
weak_chaos,5,999,1059,60,0.040108054876327515,60,0.0,0.0,1.0,17.318103790283203,1.0
weak_chaos,5,1149,1216,67,0.050974201411008835,67,0.0,0.0,1.0,19.339078903198242,1.0
weak_chaos,5,1427,1469,42,0.007437799125909805,42,0.0,0.0,1.0,12.120919227600098,1.0
weak_chaos,5,1972,1988,16,0.00037176162004470825,16,0.0,0.0,1.0,4.609772205352783,1.0
weak_chaos,6,41,102,61,0.028866957873106003,61,0.0,0.0,1.0,17.606815338134766,1.0
weak_chaos,6,230,298,68,0.030354421585798264,68,0.0,0.0,1.0,19.62778663635254,1.0
weak_chaos,6,390,452,62,0.029918096959590912,62,0.0,0.0,1.0,17.895530700683594,1.0
weak_chaos,6,541,607,66,0.034390974789857864,66,0.0,0.0,1.0,19.050373077392578,1.0
weak_chaos,6,694,736,42,0.00836128368973732,42,0.0,0.0,1.0,12.120919227600098,1.0
weak_chaos,6,838,892,54,0.009989410638809204,54,0.0,0.0,1.0,15.585783958435059,1.0
weak_chaos,6,1002,1069,67,0.03626599535346031,67,0.0,0.0,1.0,19.339078903198242,1.0
weak_chaos,6,1161,1224,63,0.040572915226221085,63,0.0,0.0,1.0,18.184242248535156,1.0
weak_chaos,6,1313,1381,68,0.04736793413758278,68,0.0,0.0,1.0,19.62778663635254,1.0
weak_chaos,6,1961,1985,24,0.0010850615799427032,24,0.0,0.0,1.0,6.922186851501465,1.0
weak_chaos,6,2098,2100,2,4.6018511056900024e-05,2,0.0,0.0,nan,0.5,1.0
weak_chaos,7,54,121,67,0.07114385068416595,67,0.0,0.0,1.0,19.339078903198242,1.0
weak_chaos,7,208,271,63,0.07502515614032745,63,0.0,0.0,1.0,18.184242248535156,1.0
weak_chaos,7,358,427,69,0.0903502032160759,69,0.0,0.0,1.0,19.916492462158203,1.0
weak_chaos,7,512,571,59,0.05720963329076767,59,0.0,0.0,1.0,17.029386520385742,1.0
weak_chaos,7,660,726,66,0.06468571722507477,66,0.0,0.0,1.0,19.050373077392578,1.0
weak_chaos,7,827,860,33,0.0044794827699661255,33,0.0,0.0,1.0,9.521904945373535,1.0
weak_chaos,7,1181,1237,56,0.017832588404417038,56,0.0,0.0,1.0,16.16322898864746,1.0
weak_chaos,7,1337,1392,55,0.025885269045829773,55,0.0,0.0,1.0,15.874506950378418,1.0
weak_chaos,7,1483,1547,64,0.05318843200802803,64,0.0,0.0,1.0,18.47295379638672,1.0
weak_chaos,7,1636,1698,62,0.059338346123695374,62,0.0,0.0,1.0,17.895530700683594,1.0
weak_chaos,7,1786,1853,67,0.07511389255523682,67,0.0,0.0,1.0,19.339078903198242,1.0
weak_chaos,7,1939,1998,59,0.05570097267627716,59,0.0,0.0,1.0,17.029386520385742,1.0
weak_chaos,7,2086,2100,14,0.00677986815571785,14,0.0,0.0,0.9597920775413513,4.031128883361816,1.0
weak_chaos,8,46,109,63,0.03838486596941948,63,0.0,0.0,1.0,18.184242248535156,1.0
weak_chaos,8,209,236,27,0.0024892278015613556,27,0.0,0.0,1.0,7.788880825042725,1.0
weak_chaos,8,360,376,16,0.00024313107132911682,16,0.0,0.0,1.0,4.609772205352783,1.0
weak_chaos,8,544,590,46,0.007600273936986923,46,0.0,0.0,1.0,13.275918006896973,1.0
weak_chaos,8,697,745,48,0.014005780220031738,48,0.0,0.0,1.0,13.853399276733398,1.0
weak_chaos,8,841,900,59,0.029071643948554993,59,0.0,0.0,1.0,17.029386520385742,1.0
weak_chaos,8,995,1035,40,0.009829860180616379,40,0.0,0.0,1.0,11.54339599609375,1.0
weak_chaos,8,1136,1187,51,0.014468424022197723,51,0.0,0.0,1.0,14.71960163116455,1.0
weak_chaos,8,1344,1371,27,0.0010443255305290222,27,0.0,0.0,1.0,7.788880825042725,1.0
weak_chaos,8,1497,1536,39,0.00575658306479454,39,0.0,0.0,1.0,11.254629135131836,1.0
weak_chaos,8,1637,1693,56,0.023438364267349243,56,0.0,0.0,1.0,16.16322898864746,1.0
weak_chaos,8,1788,1835,47,0.017280563712120056,47,0.0,0.0,1.0,13.56466007232666,1.0
weak_chaos,8,1931,1989,58,0.025662202388048172,58,0.0,0.0,1.0,16.74066925048828,1.0
weak_chaos,9,52,119,67,0.06596754491329193,67,0.0,0.0,1.0,19.339078903198242,1.0
weak_chaos,9,207,266,59,0.04823831841349602,59,0.0,0.0,1.0,17.029386520385742,1.0
weak_chaos,9,356,419,63,0.049252256751060486,63,0.0,0.0,1.0,18.184242248535156,1.0
weak_chaos,9,515,565,50,0.015550624579191208,50,0.0,0.0,1.0,14.430870056152344,1.0
weak_chaos,9,676,720,44,0.006524436175823212,44,0.0,0.0,1.0,12.69842529296875,1.0
weak_chaos,9,868,919,51,0.012545797973871231,51,0.0,0.0,1.0,14.71960163116455,1.0
weak_chaos,9,1021,1072,51,0.020972736179828644,51,0.0,0.0,1.0,14.71960163116455,1.0
weak_chaos,9,1165,1231,66,0.06252706050872803,66,0.0,0.0,1.0,19.050373077392578,1.0
weak_chaos,9,1319,1378,59,0.05165569856762886,59,0.0,0.0,1.0,17.029386520385742,1.0
weak_chaos,9,1466,1532,66,0.06289999186992645,66,0.0,0.0,1.0,19.050373077392578,1.0
weak_chaos,9,1622,1679,57,0.033808205276727676,57,0.0,0.0,1.0,16.451950073242188,1.0
weak_chaos,9,1776,1834,58,0.024983152747154236,58,0.0,0.0,1.0,16.74066925048828,1.0
weak_chaos,9,1981,1996,15,0.0001748017966747284,15,0.0,0.0,0.980566680431366,4.320494174957275,1.0
weak_chaos,10,44,105,61,0.03405646234750748,61,0.0,0.0,1.0,17.606815338134766,1.0
weak_chaos,10,200,253,53,0.020385582000017166,53,0.0,0.0,1.0,15.29705810546875,1.0
weak_chaos,10,358,405,47,0.009465720504522324,47,0.0,0.0,1.0,13.56466007232666,1.0
weak_chaos,10,711,732,21,0.00061846524477005,21,0.0,0.0,1.0,6.055300712585449,1.0
weak_chaos,10,844,910,66,0.06158943846821785,66,0.0,0.0,1.0,19.050373077392578,1.0
weak_chaos,10,1001,1059,58,0.04493756964802742,58,0.0,0.0,1.0,16.74066925048828,1.0
weak_chaos,10,1151,1211,60,0.03675035014748573,60,0.0,0.0,1.0,17.318103790283203,1.0
weak_chaos,10,1311,1364,53,0.01750984787940979,53,0.0,0.0,1.0,15.29705810546875,1.0
weak_chaos,10,1474,1530,56,0.01672295480966568,56,0.0,0.0,1.0,16.16322898864746,1.0
weak_chaos,10,1652,1708,56,0.026244234293699265,56,0.0,0.0,1.0,16.16322898864746,1.0
weak_chaos,10,1806,1850,44,0.01822569966316223,44,0.0,0.0,1.0,12.69842529296875,1.0
weak_chaos,10,1940,2007,67,0.06933065503835678,67,0.0,0.0,1.0,19.339078903198242,1.0
weak_chaos,10,2096,2100,4,0.0005840100347995758,4,0.0,0.0,nan,1.1180340051651,1.0
weak_chaos,11,78,92,14,0.00018061324954032898,14,0.0,0.0,0.9597920775413513,4.031128883361816,1.0
weak_chaos,11,391,426,35,0.002836659550666809,35,0.0,0.0,1.0,10.099504470825195,1.0
weak_chaos,11,562,579,17,0.00023775547742843628,17,0.0,0.0,1.0,4.898979663848877,1.0
weak_chaos,11,1033,1043,10,5.795806646347046e-05,10,0.0,0.0,0.8191450834274292,2.872281312942505,1.0
weak_chaos,11,1479,1514,35,0.002884861081838608,35,0.0,0.0,1.0,10.099504470825195,1.0
weak_chaos,11,1651,1673,22,0.0006411112844944,22,0.0,0.0,1.0,6.3442888259887695,1.0
weak_chaos,12,435,462,27,0.0025520622730255127,27,0.0,0.0,1.0,7.788880825042725,1.0
weak_chaos,12,573,625,52,0.022234156727790833,52,0.0,0.0,1.0,15.008331298828125,1.0
weak_chaos,12,746,800,54,0.01588675007224083,54,0.0,0.0,1.0,15.585783958435059,1.0
weak_chaos,12,918,961,43,0.009160291403532028,43,0.0,0.0,1.0,12.409673690795898,1.0
weak_chaos,12,1072,1122,50,0.01914057508111,50,0.0,0.0,1.0,14.430870056152344,1.0
weak_chaos,12,1220,1269,49,0.023894283920526505,49,0.0,0.0,1.0,14.142135620117188,1.0
weak_chaos,12,1369,1427,58,0.04289710521697998,58,0.0,0.0,1.0,16.74066925048828,1.0
weak_chaos,12,1537,1600,63,0.04441192001104355,63,0.0,0.0,1.0,18.184242248535156,1.0
weak_chaos,12,1703,1760,57,0.036431826651096344,57,0.0,0.0,1.0,16.451950073242188,1.0
weak_chaos,12,1860,1919,59,0.047983817756175995,59,0.0,0.0,1.0,17.029386520385742,1.0
weak_chaos,12,2012,2070,58,0.054366614669561386,58,0.0,0.0,1.0,16.74066925048828,1.0
weak_chaos,13,78,103,25,0.0017390996217727661,25,0.0,0.0,1.0,7.211102485656738,1.0
weak_chaos,13,211,255,44,0.007051397114992142,44,0.0,0.0,1.0,12.69842529296875,1.0
weak_chaos,13,377,411,34,0.002762261778116226,34,0.0,0.0,1.0,9.810708045959473,1.0
weak_chaos,13,538,556,18,0.00042173266410827637,18,0.0,0.0,1.0,5.188127517700195,1.0
weak_chaos,13,868,903,35,0.002926371991634369,35,0.0,0.0,1.0,10.099504470825195,1.0
weak_chaos,13,1037,1059,22,0.0006275735795497894,22,0.0,0.0,1.0,6.3442888259887695,1.0
weak_chaos,13,1192,1196,4,6.724148988723755e-06,4,0.0,0.0,nan,1.1180340051651,1.0
weak_chaos,13,1308,1363,55,0.01661934331059456,55,0.0,0.0,1.0,15.874506950378418,1.0
weak_chaos,13,1468,1520,52,0.01140362024307251,52,0.0,0.0,1.0,15.008331298828125,1.0
weak_chaos,13,1626,1670,44,0.008152145892381668,44,0.0,0.0,1.0,12.69842529296875,1.0
weak_chaos,13,1783,1825,42,0.00454171746969223,42,0.0,0.0,1.0,12.120919227600098,1.0
weak_chaos,13,1962,1995,33,0.0021882764995098114,33,0.0,0.0,1.0,9.521904945373535,1.0
weak_chaos,14,80,103,23,0.0008606463670730591,23,0.0,0.0,1.0,6.633249759674072,1.0
weak_chaos,14,402,438,36,0.003451671451330185,36,0.0,0.0,1.0,10.388294219970703,1.0
weak_chaos,14,566,598,32,0.002276536077260971,32,0.0,0.0,1.0,9.233092308044434,1.0
weak_chaos,14,1477,1508,31,0.0018308833241462708,31,0.0,0.0,1.0,8.9442720413208,1.0
weak_chaos,15,80,105,25,0.0010535120964050293,25,0.0,0.0,1.0,7.211102485656738,1.0
weak_chaos,15,235,270,35,0.003066450357437134,35,0.0,0.0,1.0,10.099504470825195,1.0
weak_chaos,15,379,433,54,0.016797352582216263,54,0.0,0.0,1.0,15.585783958435059,1.0
weak_chaos,15,540,593,53,0.01521400734782219,53,0.0,0.0,1.0,15.29705810546875,1.0
weak_chaos,15,700,749,49,0.011336516588926315,49,0.0,0.0,1.0,14.142135620117188,1.0
weak_chaos,15,857,904,47,0.012838710099458694,47,0.0,0.0,1.0,13.56466007232666,1.0
weak_chaos,15,1003,1063,60,0.02839486673474312,60,0.0,0.0,1.0,17.318103790283203,1.0
weak_chaos,15,1164,1222,58,0.026349127292633057,58,0.0,0.0,1.0,16.74066925048828,1.0
weak_chaos,15,1322,1379,57,0.022521313279867172,57,0.0,0.0,1.0,16.451950073242188,1.0
weak_chaos,15,1480,1533,53,0.022238142788410187,53,0.0,0.0,1.0,15.29705810546875,1.0
weak_chaos,15,1628,1690,62,0.0350726954638958,62,0.0,0.0,1.0,17.895530700683594,1.0
weak_chaos,15,1788,1849,61,0.03236311674118042,61,0.0,0.0,1.0,17.606815338134766,1.0
weak_chaos,15,1946,2006,60,0.028710104525089264,60,0.0,0.0,1.0,17.318103790283203,1.0
weak_chaos,16,79,104,25,0.0009659752249717712,25,0.0,0.0,1.0,7.211102485656738,1.0
weak_chaos,16,234,255,21,0.0007099583745002747,21,0.0,0.0,1.0,6.055300712585449,1.0
weak_chaos,16,374,411,37,0.0036704540252685547,37,0.0,0.0,1.0,10.677078247070312,1.0
weak_chaos,16,539,573,34,0.0025819651782512665,34,0.0,0.0,1.0,9.810708045959473,1.0
weak_chaos,16,702,726,24,0.000850532203912735,24,0.0,0.0,1.0,6.922186851501465,1.0
weak_chaos,16,1172,1212,40,0.0046082474291324615,40,0.0,0.0,1.0,11.54339599609375,1.0
weak_chaos,16,1334,1371,37,0.0032662004232406616,37,0.0,0.0,1.0,10.677078247070312,1.0
weak_chaos,16,1497,1523,26,0.001090358942747116,26,0.0,0.0,1.0,7.500000476837158,1.0
weak_chaos,16,1652,1676,24,0.001180902123451233,24,0.0,0.0,1.0,6.922186851501465,1.0
weak_chaos,16,1790,1834,44,0.006348215043544769,44,0.0,0.0,1.0,12.69842529296875,1.0
weak_chaos,16,1954,1995,41,0.004818733781576157,41,0.0,0.0,1.0,11.832159996032715,1.0
intermediate,0,61,109,48,0.021256133913993835,48,0.0,0.0,1.0,13.853399276733398,1.0
intermediate,0,225,272,47,0.023015189915895462,47,0.0,0.0,1.0,13.56466007232666,1.0
intermediate,0,380,430,50,0.03441905230283737,50,0.0,0.0,1.0,14.430870056152344,1.0
intermediate,0,543,594,51,0.0410766638815403,51,0.0,0.0,1.0,14.71960163116455,1.0
intermediate,0,700,753,53,0.05395403131842613,53,0.0,0.0,1.0,15.29705810546875,1.0
intermediate,0,863,917,54,0.062053658068180084,54,0.0,0.0,1.0,15.585783958435059,1.0
intermediate,0,1022,1077,55,0.0774928629398346,55,0.0,0.0,1.0,15.874506950378418,1.0
intermediate,0,1186,1241,55,0.08288950473070145,55,0.0,0.0,1.0,15.874506950378418,1.0
intermediate,0,1346,1403,57,0.10360175371170044,57,0.0,0.0,1.0,16.451950073242188,1.0
intermediate,0,1512,1567,55,0.1015993058681488,55,0.0,0.0,1.0,15.874506950378418,1.0
intermediate,0,1673,1732,59,0.138722762465477,59,0.0,0.0,1.0,17.029386520385742,1.0
intermediate,0,1840,1897,57,0.1269310712814331,57,0.0,0.0,1.0,16.451950073242188,1.0
intermediate,0,2003,2068,65,0.24775302410125732,65,0.0,0.0,1.0,18.76166343688965,1.0
intermediate,1,58,134,76,0.15615910291671753,76,0.0,0.0,1.0,21.937410354614258,1.0
intermediate,1,218,290,72,0.15698570013046265,72,0.0,0.0,1.0,20.782604217529297,1.0
intermediate,1,372,448,76,0.23853054642677307,76,0.0,0.0,1.0,21.937410354614258,1.0
intermediate,1,530,604,74,0.24028578400611877,74,0.0,0.0,1.0,21.360010147094727,1.0
intermediate,1,684,759,75,0.30524399876594543,75,0.0,0.0,1.0,21.648710250854492,1.0
intermediate,1,842,915,73,0.3092687129974365,73,0.0,0.0,1.0,21.071308135986328,1.0
intermediate,1,996,1070,74,0.35664689540863037,74,0.0,0.0,1.0,21.360010147094727,1.0
intermediate,1,1153,1226,73,0.36398109793663025,73,0.0,0.0,1.0,21.071308135986328,1.0
intermediate,1,1308,1381,73,0.3982725739479065,73,0.0,0.0,1.0,21.071308135986328,1.0
intermediate,1,1465,1537,72,0.4093230664730072,72,0.0,0.0,1.0,20.782604217529297,1.0
intermediate,1,1619,1692,73,0.4350539445877075,73,0.0,0.0,1.0,21.071308135986328,1.0
intermediate,1,1776,1848,72,0.4497983753681183,72,0.0,0.0,1.0,20.782604217529297,1.0
intermediate,1,1931,2004,73,0.4697173237800598,73,0.0,0.0,1.0,21.071308135986328,1.0
intermediate,1,2088,2100,12,0.029690813273191452,12,0.0,0.0,0.9133753776550293,3.452052593231201,1.0
intermediate,2,40,97,57,0.01847388595342636,57,0.0,0.0,1.0,16.451950073242188,1.0
intermediate,2,222,277,55,0.013113394379615784,55,0.0,0.0,1.0,15.874507904052734,1.0
intermediate,2,380,432,52,0.016807321459054947,52,0.0,0.0,1.0,15.008331298828125,1.0
intermediate,2,527,588,61,0.02742169052362442,61,0.0,0.0,1.0,17.606815338134766,1.0
intermediate,2,1012,1061,49,0.010252159088850021,49,0.0,0.0,1.0,14.142135620117188,1.0
intermediate,2,1161,1204,43,0.008963201195001602,43,0.0,0.0,1.0,12.409673690795898,1.0
intermediate,2,1304,1358,54,0.014700386673212051,54,0.0,0.0,1.0,15.585783958435059,1.0
intermediate,2,1490,1541,51,0.00939672440290451,51,0.0,0.0,1.0,14.71960163116455,1.0
intermediate,2,1647,1696,49,0.012930262833833694,49,0.0,0.0,1.0,14.142135620117188,1.0
intermediate,2,1793,1851,58,0.022629112005233765,58,0.0,0.0,1.0,16.74066925048828,1.0
intermediate,3,44,80,36,0.002720493823289871,36,0.0,0.0,1.0,10.388294219970703,1.0
intermediate,3,211,261,50,0.009848549962043762,50,0.0,0.0,1.0,14.430870056152344,1.0
intermediate,3,363,408,45,0.010189924389123917,45,0.0,0.0,1.0,12.987173080444336,1.0
intermediate,3,508,563,55,0.01576216146349907,55,0.0,0.0,1.0,15.874506950378418,1.0
intermediate,3,679,736,57,0.017162125557661057,57,0.0,0.0,1.0,16.451950073242188,1.0
intermediate,3,835,888,53,0.020122449845075607,53,0.0,0.0,1.0,15.29705810546875,1.0
intermediate,3,983,1044,61,0.02794889733195305,61,0.0,0.0,1.0,17.606815338134766,1.0
intermediate,3,1154,1215,61,0.02438826486468315,61,0.0,0.0,1.0,17.606815338134766,1.0
intermediate,3,1312,1369,57,0.027299143373966217,57,0.0,0.0,1.0,16.451950073242188,1.0
intermediate,3,1462,1525,63,0.035626526921987534,63,0.0,0.0,1.0,18.184242248535156,1.0
intermediate,3,1632,1695,63,0.02711280807852745,63,0.0,0.0,1.0,18.184242248535156,1.0
intermediate,3,1791,1850,59,0.02922157198190689,59,0.0,0.0,1.0,17.029386520385742,1.0
intermediate,3,1942,2006,64,0.03733264282345772,64,0.0,0.0,1.0,18.47295379638672,1.0
intermediate,4,47,102,55,0.019103486090898514,55,0.0,0.0,1.0,15.874506950378418,1.0
intermediate,4,405,416,11,5.1468610763549805e-05,11,0.0,0.0,0.8684048056602478,3.1622776985168457,1.0
intermediate,4,537,596,59,0.02709236368536949,59,0.0,0.0,1.0,17.029386520385742,1.0
intermediate,4,691,739,48,0.015678245574235916,48,0.0,0.0,1.0,13.853399276733398,1.0
intermediate,4,837,891,54,0.01669694110751152,54,0.0,0.0,1.0,15.585783958435059,1.0
intermediate,4,1187,1218,31,0.002135414630174637,31,0.0,0.0,1.0,8.9442720413208,1.0
intermediate,4,1324,1384,60,0.030673719942569733,60,0.0,0.0,1.0,17.318103790283203,1.0
intermediate,4,1479,1527,48,0.016605950891971588,48,0.0,0.0,1.0,13.853399276733398,1.0
intermediate,4,1626,1679,53,0.014575712382793427,53,0.0,0.0,1.0,15.29705810546875,1.0
intermediate,4,1825,1844,19,0.00034529343247413635,19,0.0,0.0,1.0,5.4772257804870605,1.0
intermediate,4,1972,2010,38,0.005485497415065765,38,0.0,0.0,1.0,10.965856552124023,1.0
intermediate,5,65,91,26,0.0009240880608558655,26,0.0,0.0,1.0,7.500000476837158,1.0
intermediate,5,235,282,47,0.00833594799041748,47,0.0,0.0,1.0,13.56466007232666,1.0
intermediate,5,388,420,32,0.0032667890191078186,32,0.0,0.0,1.0,9.233092308044434,1.0
intermediate,5,529,570,41,0.005073972046375275,41,0.0,0.0,1.0,11.832159996032715,1.0
intermediate,5,873,892,19,0.0006479285657405853,19,0.0,0.0,1.0,5.4772257804870605,1.0
intermediate,5,1001,1052,51,0.01316799595952034,51,0.0,0.0,1.0,14.71960163116455,1.0
intermediate,5,1480,1536,56,0.0183725543320179,56,0.0,0.0,1.0,16.16322898864746,1.0
intermediate,5,1639,1677,38,0.004958536475896835,38,0.0,0.0,1.0,10.965856552124023,1.0
intermediate,5,1800,1830,30,0.0013716146349906921,30,0.0,0.0,1.0,8.655441284179688,1.0
intermediate,5,1964,2017,53,0.01383647695183754,53,0.0,0.0,1.0,15.29705810546875,1.0
intermediate,6,83,99,16,0.0001870766282081604,16,0.0,0.0,1.0,4.609772205352783,1.0
intermediate,6,222,274,52,0.014308452606201172,52,0.0,0.0,1.0,15.008331298828125,1.0
intermediate,6,387,419,32,0.001991763710975647,32,0.0,0.0,1.0,9.233092308044434,1.0
intermediate,6,550,584,34,0.0023858211934566498,34,0.0,0.0,1.0,9.810708045959473,1.0
intermediate,6,695,750,55,0.017921648919582367,55,0.0,0.0,1.0,15.874506950378418,1.0
intermediate,6,859,900,41,0.0045165009796619415,41,0.0,0.0,1.0,11.832159996032715,1.0
intermediate,6,1021,1063,42,0.005643662065267563,42,0.0,0.0,1.0,12.120919227600098,1.0
intermediate,6,1167,1225,58,0.021817173808813095,58,0.0,0.0,1.0,16.74066925048828,1.0
intermediate,6,1331,1378,47,0.00781627744436264,47,0.0,0.0,1.0,13.56466007232666,1.0
intermediate,6,1492,1539,47,0.009404439479112625,47,0.0,0.0,1.0,13.56466007232666,1.0
intermediate,6,1640,1699,59,0.025881454348564148,59,0.0,0.0,1.0,17.029386520385742,1.0
intermediate,6,1802,1855,53,0.01157693937420845,53,0.0,0.0,1.0,15.29705810546875,1.0
intermediate,6,1963,2014,51,0.013419166207313538,51,0.0,0.0,1.0,14.71960163116455,1.0
intermediate,7,79,101,22,0.0008153393864631653,22,0.0,0.0,1.0,6.3442888259887695,1.0
intermediate,7,215,263,48,0.009181715548038483,48,0.0,0.0,1.0,13.853399276733398,1.0
intermediate,7,389,423,34,0.002268783748149872,34,0.0,0.0,1.0,9.810708045959473,1.0
intermediate,7,542,573,31,0.002394717186689377,31,0.0,0.0,1.0,8.9442720413208,1.0
intermediate,7,684,728,44,0.005627792328596115,44,0.0,0.0,1.0,12.69842529296875,1.0
intermediate,7,858,898,40,0.004242207854986191,40,0.0,0.0,1.0,11.54339599609375,1.0
intermediate,7,1015,1038,23,0.0010095424950122833,23,0.0,0.0,1.0,6.633249759674072,1.0
intermediate,7,1170,1187,17,0.00022095441818237305,17,0.0,0.0,1.0,4.898979663848877,1.0
intermediate,7,1328,1372,44,0.006504781544208527,44,0.0,0.0,1.0,12.69842529296875,1.0
intermediate,7,1795,1844,49,0.009456254541873932,49,0.0,0.0,1.0,14.142135620117188,1.0
intermediate,7,1969,1995,26,0.0009327903389930725,26,0.0,0.0,1.0,7.500000476837158,1.0
intermediate,8,72,140,68,0.11668778955936432,68,0.0,0.0,1.0,19.62778663635254,1.0
intermediate,8,229,289,60,0.1085515171289444,60,0.0,0.0,1.0,17.318103790283203,1.0
intermediate,8,377,447,70,0.1969301998615265,70,0.0,0.0,1.0,20.205198287963867,1.0
intermediate,8,534,600,66,0.1791536808013916,66,0.0,0.0,1.0,19.050373077392578,1.0
intermediate,8,683,755,72,0.21782168745994568,72,0.0,0.0,1.0,20.782604217529297,1.0
intermediate,8,840,910,70,0.19733978807926178,70,0.0,0.0,1.0,20.205198287963867,1.0
intermediate,8,994,1065,71,0.18662002682685852,71,0.0,0.0,1.0,20.4939022064209,1.0
intermediate,8,1151,1220,69,0.16227814555168152,69,0.0,0.0,1.0,19.916492462158203,1.0
intermediate,8,1307,1377,70,0.13983936607837677,70,0.0,0.0,1.0,20.205198287963867,1.0
intermediate,8,1465,1532,67,0.10889559239149094,67,0.0,0.0,1.0,19.339078903198242,1.0
intermediate,8,1624,1691,67,0.09325447678565979,67,0.0,0.0,1.0,19.339078903198242,1.0
intermediate,8,1785,1849,64,0.05422400310635567,64,0.0,0.0,1.0,18.47295379638672,1.0
intermediate,8,1947,2012,65,0.053067561239004135,65,0.0,0.0,1.0,18.76166343688965,1.0
intermediate,9,269,290,21,0.0006143301725387573,21,0.0,0.0,1.0,6.055300712585449,1.0
intermediate,9,526,582,56,0.0214487724006176,56,0.0,0.0,1.0,16.16322898864746,1.0
intermediate,9,685,732,47,0.009263195097446442,47,0.0,0.0,1.0,13.56466007232666,1.0
intermediate,9,849,897,48,0.007611490786075592,48,0.0,0.0,1.0,13.853399276733398,1.0
intermediate,9,1019,1076,57,0.02199295163154602,57,0.0,0.0,1.0,16.451950073242188,1.0
intermediate,9,1178,1217,39,0.006621234118938446,39,0.0,0.0,1.0,11.254629135131836,1.0
intermediate,9,1340,1354,14,0.00015552714467048645,14,0.0,0.0,0.9597920775413513,4.031128883361816,1.0
intermediate,9,1790,1851,61,0.03511980548501015,61,0.0,0.0,1.0,17.606815338134766,1.0
intermediate,9,1948,2004,56,0.02186127007007599,56,0.0,0.0,1.0,16.16322898864746,1.0
intermediate,10,82,128,46,0.007542405277490616,46,0.0,0.0,1.0,13.275918006896973,1.0
intermediate,10,235,294,59,0.025665711611509323,59,0.0,0.0,1.0,17.029386520385742,1.0
intermediate,10,399,452,53,0.013720892369747162,53,0.0,0.0,1.0,15.29705810546875,1.0
intermediate,10,561,616,55,0.01735791191458702,55,0.0,0.0,1.0,15.874506950378418,1.0
intermediate,10,716,777,61,0.03380595147609711,61,0.0,0.0,1.0,17.606815338134766,1.0
intermediate,10,880,938,58,0.02111600711941719,58,0.0,0.0,1.0,16.74066925048828,1.0
intermediate,10,1042,1100,58,0.023919150233268738,58,0.0,0.0,1.0,16.74066925048828,1.0
intermediate,10,1197,1260,63,0.03855793550610542,63,0.0,0.0,1.0,18.184242248535156,1.0
intermediate,10,1361,1422,61,0.02506330981850624,61,0.0,0.0,1.0,17.606815338134766,1.0
intermediate,10,1524,1583,59,0.026702139526605606,59,0.0,0.0,1.0,17.029386520385742,1.0
intermediate,10,1679,1742,63,0.039671510457992554,63,0.0,0.0,1.0,18.184242248535156,1.0
intermediate,10,1845,1906,61,0.02526966482400894,61,0.0,0.0,1.0,17.606815338134766,1.0
intermediate,10,2007,2066,59,0.026076585054397583,59,0.0,0.0,1.0,17.029386520385742,1.0
intermediate,11,73,115,42,0.007770907133817673,42,0.0,0.0,1.0,12.120919227600098,1.0
intermediate,11,216,275,59,0.027837354689836502,59,0.0,0.0,1.0,17.029386520385742,1.0
intermediate,11,377,435,58,0.02056558057665825,58,0.0,0.0,1.0,16.74066925048828,1.0
intermediate,11,534,586,52,0.019638624042272568,52,0.0,0.0,1.0,15.008331298828125,1.0
intermediate,11,679,741,62,0.03284720703959465,62,0.0,0.0,1.0,17.895530700683594,1.0
intermediate,11,841,901,60,0.024940047413110733,60,0.0,0.0,1.0,17.318103790283203,1.0
intermediate,11,998,1052,54,0.02160535752773285,54,0.0,0.0,1.0,15.585783958435059,1.0
intermediate,11,1147,1205,58,0.023923996835947037,58,0.0,0.0,1.0,16.74066925048828,1.0
intermediate,11,1312,1367,55,0.01602489873766899,55,0.0,0.0,1.0,15.874506950378418,1.0
intermediate,11,1469,1517,48,0.01179094985127449,48,0.0,0.0,1.0,13.853399276733398,1.0
intermediate,11,1622,1671,49,0.009195715188980103,49,0.0,0.0,1.0,14.142135620117188,1.0
intermediate,11,1796,1842,46,0.007755551487207413,46,0.0,0.0,1.0,13.275918006896973,1.0
intermediate,11,1956,1987,31,0.0019673779606819153,31,0.0,0.0,1.0,8.9442720413208,1.0
intermediate,12,71,103,32,0.002959389239549637,32,0.0,0.0,1.0,9.233092308044434,1.0
intermediate,12,211,257,46,0.007086019963026047,46,0.0,0.0,1.0,13.275918006896973,1.0
intermediate,12,381,419,38,0.0035280436277389526,38,0.0,0.0,1.0,10.965856552124023,1.0
intermediate,12,543,560,17,0.00029522553086280823,17,0.0,0.0,1.0,4.898979663848877,1.0
intermediate,12,854,902,48,0.00934302806854248,48,0.0,0.0,1.0,13.853399276733398,1.0
intermediate,12,1019,1060,41,0.004331856966018677,41,0.0,0.0,1.0,11.832159996032715,1.0
intermediate,12,1174,1208,34,0.0036364421248435974,34,0.0,0.0,1.0,9.810708045959473,1.0
intermediate,12,1315,1362,47,0.008951064199209213,47,0.0,0.0,1.0,13.56466007232666,1.0
intermediate,12,1483,1524,41,0.004914242774248123,41,0.0,0.0,1.0,11.832159996032715,1.0
intermediate,12,1642,1669,27,0.0012636780738830566,27,0.0,0.0,1.0,7.788880825042725,1.0
intermediate,12,1807,1825,18,0.00027647241950035095,18,0.0,0.0,1.0,5.188127517700195,1.0
intermediate,12,1958,2007,49,0.009921852499246597,49,0.0,0.0,1.0,14.142135620117188,1.0
intermediate,13,94,146,52,0.012677613645792007,52,0.0,0.0,1.0,15.008331298828125,1.0
intermediate,13,251,309,58,0.024431955069303513,58,0.0,0.0,1.0,16.74066925048828,1.0
intermediate,13,419,475,56,0.01683104783296585,56,0.0,0.0,1.0,16.16322898864746,1.0
intermediate,13,586,638,52,0.01475384458899498,52,0.0,0.0,1.0,15.008331298828125,1.0
intermediate,13,742,798,56,0.02381397783756256,56,0.0,0.0,1.0,16.16322898864746,1.0
intermediate,13,922,981,59,0.01581571251153946,59,0.0,0.0,1.0,17.029386520385742,1.0
intermediate,13,1088,1140,52,0.013653535395860672,52,0.0,0.0,1.0,15.008331298828125,1.0
intermediate,13,1241,1297,56,0.01891617849469185,56,0.0,0.0,1.0,16.16322898864746,1.0
intermediate,13,1444,1511,67,0.037364743649959564,67,0.0,0.0,1.0,19.339078903198242,1.0
intermediate,13,1602,1665,63,0.0329061895608902,63,0.0,0.0,1.0,18.184242248535156,1.0
intermediate,13,1758,1827,69,0.03604422137141228,69,0.0,0.0,1.0,19.916492462158203,1.0
intermediate,13,1942,2006,64,0.054930005222558975,64,0.0,0.0,1.0,18.47295379638672,1.0
intermediate,14,78,126,48,0.014509029686450958,48,0.0,0.0,1.0,13.853399276733398,1.0
intermediate,14,226,288,62,0.046280261129140854,62,0.0,0.0,1.0,17.895530700683594,1.0
intermediate,14,386,447,61,0.04130704700946808,61,0.0,0.0,1.0,17.606815338134766,1.0
intermediate,14,543,599,56,0.04051482304930687,56,0.0,0.0,1.0,16.16322898864746,1.0
intermediate,14,690,757,67,0.08173054456710815,67,0.0,0.0,1.0,19.339078903198242,1.0
intermediate,14,849,916,67,0.07547685503959656,67,0.0,0.0,1.0,19.339078903198242,1.0
intermediate,14,1007,1069,62,0.0698198527097702,62,0.0,0.0,1.0,17.895530700683594,1.0
intermediate,14,1155,1225,70,0.1012733206152916,70,0.0,0.0,1.0,20.205198287963867,1.0
intermediate,14,1314,1383,69,0.09427342563867569,69,0.0,0.0,1.0,19.916492462158203,1.0
intermediate,14,1471,1537,66,0.08774494379758835,66,0.0,0.0,1.0,19.050373077392578,1.0
intermediate,14,1623,1692,69,0.09443110227584839,69,0.0,0.0,1.0,19.916492462158203,1.0
intermediate,14,1781,1850,69,0.08651147037744522,69,0.0,0.0,1.0,19.916492462158203,1.0
intermediate,14,1939,2005,66,0.08066073060035706,66,0.0,0.0,1.0,19.050373077392578,1.0
intermediate,14,2093,2100,7,0.001752808690071106,7,0.0,0.0,0.622066855430603,2.0,1.0
strong_chaos,0,22,103,81,0.5833358764648438,93,1.0,0.012345679012345678,0.8712557554244995,22.04604148864746,0.999594509601593
strong_chaos,0,194,277,83,0.5236737132072449,87,1.0,0.012048192771084338,0.8664510846138,23.5103816986084,0.9997146725654602
strong_chaos,0,336,392,56,0.4093000590801239,56,0.0,0.0,1.0,16.16322898864746,1.0
strong_chaos,0,468,539,71,0.7194550037384033,89,1.0,0.014084507042253521,0.8816788792610168,19.751523971557617,0.9993290901184082
strong_chaos,0,615,677,62,0.6049120426177979,62,0.0,0.0,1.0,17.895530700683594,1.0
strong_chaos,0,705,734,29,0.11042328178882599,29,0.0,0.0,1.0,8.366600036621094,1.0
strong_chaos,0,756,814,58,0.48291170597076416,58,0.0,0.0,1.0,16.74066925048828,1.0
strong_chaos,0,896,963,67,0.6304419040679932,89,1.0,0.014925373134328358,0.9325464963912964,18.0455379486084,0.9990984201431274
strong_chaos,0,1037,1095,58,0.5008247494697571,58,0.0,0.0,1.0,16.74066925048828,1.0
strong_chaos,0,1162,1241,79,0.963975727558136,92,1.0,0.012658227848101266,0.8940424919128418,22.298828125,0.9995468854904175
strong_chaos,0,1305,1371,66,0.8740504384040833,66,0.0,0.0,1.0,19.050373077392578,1.0
strong_chaos,0,1426,1503,77,1.1820499897003174,92,1.0,0.012987012987012988,0.9193499684333801,22.110517501831055,0.9995157718658447
strong_chaos,0,1560,1628,68,1.1157338619232178,68,0.0,0.0,1.0,19.62778663635254,1.0
strong_chaos,0,1685,1753,68,1.1675124168395996,92,1.0,0.014705882352941176,0.8416116833686829,17.385719299316406,0.9987444877624512
strong_chaos,0,1812,1879,67,1.107079267501831,67,0.0,0.0,1.0,19.339078903198242,1.0
strong_chaos,0,1938,2017,79,1.163020372390747,91,1.0,0.012658227848101266,0.8948145508766174,22.608489990234375,0.9995675086975098
strong_chaos,0,2062,2100,38,0.6973894834518433,38,0.0,0.0,1.0,10.965856552124023,1.0
strong_chaos,1,22,69,47,0.52099609375,47,0.0,0.0,1.0,13.56466007232666,1.0
strong_chaos,1,195,241,46,0.4831376075744629,46,0.0,0.0,1.0,13.275918006896973,1.0
strong_chaos,1,366,413,47,0.5002127289772034,47,0.0,0.0,1.0,13.56466007232666,1.0
strong_chaos,1,534,582,48,0.5775011777877808,48,0.0,0.0,1.0,13.853399276733398,1.0
strong_chaos,1,697,746,49,0.6705082654953003,49,0.0,0.0,1.0,14.142135620117188,1.0
strong_chaos,1,807,854,47,0.33134451508522034,47,0.0,0.0,1.0,13.56466007232666,1.0
strong_chaos,1,930,942,12,0.00501762330532074,12,0.0,0.0,0.9133753776550293,3.452052593231201,1.0
strong_chaos,1,971,1014,43,0.26151344180107117,43,0.0,0.0,1.0,12.409673690795898,1.0
strong_chaos,1,1127,1180,53,0.2920796275138855,61,1.0,0.018867924528301886,0.8785974383354187,14.998933792114258,0.999022364616394
strong_chaos,1,1297,1343,46,0.3273472487926483,46,0.0,0.0,1.0,13.275918006896973,1.0
strong_chaos,1,1463,1503,40,0.19889670610427856,40,0.0,0.0,1.0,11.54339599609375,1.0
strong_chaos,1,1529,1544,15,0.010533072054386139,15,0.0,0.0,0.980566680431366,4.320494174957275,1.0
strong_chaos,1,1573,1578,5,0.04270039498806,5,0.0,0.0,0.41425326466560364,1.4142135381698608,1.0
strong_chaos,1,1605,1658,53,2.860982894897461,53,0.0,0.0,1.0,15.29705810546875,1.0
strong_chaos,1,1717,1770,53,2.8665902614593506,53,0.0,0.0,1.0,15.29705810546875,1.0
strong_chaos,1,1829,1882,53,2.8682444095611572,53,0.0,0.0,1.0,15.29705810546875,1.0
strong_chaos,1,1942,1994,52,2.8602254390716553,52,0.0,0.0,1.0,15.008331298828125,1.0
strong_chaos,1,2015,2021,6,0.1336066871881485,6,0.0,0.0,0.5276938676834106,1.7078251838684082,1.0
strong_chaos,1,2097,2100,3,0.00673336535692215,3,0.0,0.0,nan,0.8164966106414795,1.0
strong_chaos,2,23,79,56,1.1715664863586426,56,0.0,0.0,1.0,16.16322898864746,1.0
strong_chaos,2,161,218,57,1.266589879989624,57,0.0,0.0,1.0,16.451950073242188,1.0
strong_chaos,2,300,356,56,1.2616955041885376,56,0.0,0.0,1.0,16.16322898864746,1.0
strong_chaos,2,438,494,56,1.2567338943481445,56,0.0,0.0,1.0,16.16322898864746,1.0
strong_chaos,2,577,633,56,1.2748703956604004,56,0.0,0.0,1.0,16.16322898864746,1.0
strong_chaos,2,716,772,56,1.2636651992797852,56,0.0,0.0,1.0,16.16322898864746,1.0
strong_chaos,2,854,910,56,1.3096296787261963,56,0.0,0.0,1.0,16.16322898864746,1.0
strong_chaos,2,992,1048,56,1.3014912605285645,56,0.0,0.0,1.0,16.16322898864746,1.0
strong_chaos,2,1129,1185,56,1.30836021900177,56,0.0,0.0,1.0,16.16322898864746,1.0
strong_chaos,2,1267,1323,56,1.3014198541641235,56,0.0,0.0,1.0,16.16322898864746,1.0
strong_chaos,2,1450,1470,20,0.019531793892383575,20,0.0,0.0,1.0,5.7662811279296875,1.0
strong_chaos,2,1599,1601,2,0.0004126057028770447,2,0.0,0.0,nan,0.5,1.0
strong_chaos,2,1609,1671,62,1.5372594594955444,62,0.0,0.0,1.0,17.895530700683594,1.0
strong_chaos,2,1730,1793,63,1.5456717014312744,63,0.0,0.0,1.0,18.184242248535156,1.0
strong_chaos,2,1853,1916,63,1.5439378023147583,63,0.0,0.0,1.0,18.184242248535156,1.0
strong_chaos,2,1975,2038,63,1.542426347732544,63,0.0,0.0,1.0,18.184242248535156,1.0
strong_chaos,3,53,96,43,0.07059603184461594,43,0.0,0.0,1.0,12.409673690795898,1.0
strong_chaos,3,199,241,42,0.06987950205802917,42,0.0,0.0,1.0,12.120919227600098,1.0
strong_chaos,3,343,382,39,0.0548776239156723,39,0.0,0.0,1.0,11.254629135131836,1.0
strong_chaos,3,489,528,39,0.05942284315824509,39,0.0,0.0,1.0,11.254629135131836,1.0
strong_chaos,3,634,671,37,0.04947849363088608,37,0.0,0.0,1.0,10.677078247070312,1.0
strong_chaos,3,780,818,38,0.05940176546573639,38,0.0,0.0,1.0,10.965856552124023,1.0
strong_chaos,3,926,963,37,0.0528288409113884,37,0.0,0.0,1.0,10.677078247070312,1.0
strong_chaos,3,1070,1110,40,0.06859832257032394,40,0.0,0.0,1.0,11.54339599609375,1.0
strong_chaos,3,1215,1255,40,0.06509466469287872,40,0.0,0.0,1.0,11.54339599609375,1.0
strong_chaos,3,1357,1401,44,0.0905010774731636,44,0.0,0.0,1.0,12.69842529296875,1.0
strong_chaos,3,1501,1546,45,0.09035468101501465,45,0.0,0.0,1.0,12.987173080444336,1.0
strong_chaos,3,1640,1689,49,0.12418773025274277,49,0.0,0.0,1.0,14.142135620117188,1.0
strong_chaos,3,1782,1832,50,0.12640289962291718,50,0.0,0.0,1.0,14.430870056152344,1.0
strong_chaos,3,1940,1958,18,0.004702478647232056,18,0.0,0.0,1.0,5.188127517700195,1.0
strong_chaos,3,2086,2100,14,0.004154987633228302,14,0.0,0.0,0.9597920775413513,4.031128883361816,1.0
strong_chaos,4,27,37,10,0.7515397667884827,14,1.0,0.1,0.6549164056777954,2.5882387161254883,0.9524851441383362
strong_chaos,4,1028,1033,5,0.3758690357208252,9,1.0,0.2,0.36343422532081604,1.4054566621780396,0.7603452801704407
strong_chaos,4,1237,1268,31,0.05133321136236191,31,0.0,0.0,1.0,8.9442720413208,1.0
strong_chaos,4,1397,1429,32,0.05791155993938446,32,0.0,0.0,1.0,9.233092308044434,1.0
strong_chaos,4,1555,1581,26,0.027774453163146973,26,0.0,0.0,1.0,7.500000476837158,1.0
strong_chaos,4,1707,1736,29,0.03584346920251846,29,0.0,0.0,1.0,8.366600036621094,1.0
strong_chaos,4,1862,1896,34,0.06273575872182846,34,0.0,0.0,1.0,9.810708045959473,1.0
strong_chaos,4,2031,2041,10,0.0009346753358840942,10,0.0,0.0,0.8191450834274292,2.872281312942505,1.0
strong_chaos,5,28,74,46,0.3364085555076599,46,0.0,0.0,1.0,13.275918006896973,1.0
strong_chaos,5,191,236,45,0.30210089683532715,45,0.0,0.0,1.0,12.987173080444336,1.0
strong_chaos,5,352,399,47,0.3555157482624054,47,0.0,0.0,1.0,13.56466007232666,1.0
strong_chaos,5,512,556,44,0.3181198835372925,44,0.0,0.0,1.0,12.69842529296875,1.0
strong_chaos,5,660,716,56,1.1285477876663208,56,0.0,0.0,1.0,16.16322898864746,1.0
strong_chaos,5,800,856,56,1.1243810653686523,56,0.0,0.0,1.0,16.16322898864746,1.0
strong_chaos,5,949,1001,52,0.6079959273338318,52,0.0,0.0,1.0,15.008331298828125,1.0
strong_chaos,5,1101,1152,51,0.5647642016410828,51,0.0,0.0,1.0,14.71960163116455,1.0
strong_chaos,5,1256,1307,51,0.5799976587295532,51,0.0,0.0,1.0,14.71960163116455,1.0
strong_chaos,5,1408,1459,51,0.5622285604476929,51,0.0,0.0,1.0,14.71960163116455,1.0
strong_chaos,5,1558,1611,53,0.6216554641723633,53,0.0,0.0,1.0,15.29705810546875,1.0
strong_chaos,5,1712,1764,52,0.6021556258201599,52,0.0,0.0,1.0,15.008331298828125,1.0
strong_chaos,5,1863,1915,52,0.6455141305923462,52,0.0,0.0,1.0,15.008331298828125,1.0
strong_chaos,5,2008,2064,56,0.9511843919754028,56,0.0,0.0,1.0,16.16322898864746,1.0
strong_chaos,6,1,57,56,0.5261446237564087,56,0.0,0.0,1.0,16.16322898864746,1.0
strong_chaos,6,134,194,60,0.5385427474975586,60,0.0,0.0,1.0,17.318103790283203,1.0
strong_chaos,6,273,333,60,0.5668354034423828,60,0.0,0.0,1.0,17.318103790283203,1.0
strong_chaos,6,410,472,62,0.7307097911834717,62,0.0,0.0,1.0,17.895530700683594,1.0
strong_chaos,6,548,609,61,0.705852746963501,61,0.0,0.0,1.0,17.606815338134766,1.0
strong_chaos,6,679,717,38,0.12555456161499023,38,0.0,0.0,1.0,10.965856552124023,1.0
strong_chaos,6,841,876,35,0.0924605280160904,35,0.0,0.0,1.0,10.099504470825195,1.0
strong_chaos,6,1005,1040,35,0.09698120504617691,35,0.0,0.0,1.0,10.099504470825195,1.0
strong_chaos,6,1164,1201,37,0.12005136907100677,37,0.0,0.0,1.0,10.677078247070312,1.0
strong_chaos,6,1315,1365,50,0.40054818987846375,50,0.0,0.0,1.0,14.430870056152344,1.0
strong_chaos,6,1471,1520,49,0.37163245677948,49,0.0,0.0,1.0,14.142135620117188,1.0
strong_chaos,6,1623,1673,50,0.41455554962158203,50,0.0,0.0,1.0,14.430870056152344,1.0
strong_chaos,6,1773,1825,52,0.46761173009872437,52,0.0,0.0,1.0,15.008331298828125,1.0
strong_chaos,6,1928,1979,51,0.45974716544151306,51,0.0,0.0,1.0,14.71960163116455,1.0
strong_chaos,6,2081,2100,19,0.13060149550437927,19,0.0,0.0,1.0,5.4772257804870605,1.0
strong_chaos,7,35,97,62,0.3437371850013733,62,0.0,0.0,1.0,17.895530700683594,1.0
strong_chaos,7,173,234,61,0.3577018678188324,61,0.0,0.0,1.0,17.606815338134766,1.0
strong_chaos,7,311,373,62,0.36066514253616333,62,0.0,0.0,1.0,17.895530700683594,1.0
strong_chaos,8,68,135,67,1.529666543006897,67,0.0,0.0,1.0,19.339078903198242,1.0
strong_chaos,8,187,254,67,1.531604290008545,67,0.0,0.0,1.0,19.339078903198242,1.0
strong_chaos,8,307,374,67,1.5320152044296265,67,0.0,0.0,1.0,19.339078903198242,1.0
strong_chaos,8,426,493,67,1.5318071842193604,67,0.0,0.0,1.0,19.339078903198242,1.0
strong_chaos,8,546,613,67,1.53193998336792,67,0.0,0.0,1.0,19.339078903198242,1.0
strong_chaos,8,667,735,68,1.3348333835601807,68,0.0,0.0,1.0,19.62778663635254,1.0
strong_chaos,8,790,857,67,1.3367098569869995,67,0.0,0.0,1.0,19.339078903198242,1.0
strong_chaos,8,912,980,68,1.3368234634399414,68,0.0,0.0,1.0,19.62778663635254,1.0
strong_chaos,8,1035,1102,67,1.33512544631958,67,0.0,0.0,1.0,19.339078903198242,1.0
strong_chaos,8,1156,1224,68,1.3842326402664185,68,0.0,0.0,1.0,19.62778663635254,1.0
strong_chaos,8,1279,1346,67,1.3841118812561035,67,0.0,0.0,1.0,19.339078903198242,1.0
strong_chaos,8,1401,1468,67,1.3845306634902954,67,0.0,0.0,1.0,19.339078903198242,1.0
strong_chaos,8,1523,1589,66,1.3841580152511597,66,0.0,0.0,1.0,19.050373077392578,1.0
strong_chaos,8,1644,1712,68,1.3786110877990723,68,0.0,0.0,1.0,19.62778663635254,1.0
strong_chaos,8,1766,1833,67,1.3838802576065063,67,0.0,0.0,1.0,19.339078903198242,1.0
strong_chaos,8,1887,1955,68,1.3849232196807861,68,0.0,0.0,1.0,19.62778663635254,1.0
strong_chaos,8,2009,2076,67,1.3849527835845947,67,0.0,0.0,1.0,19.339078903198242,1.0
strong_chaos,9,1,38,37,0.9527677893638611,37,0.0,0.0,1.0,10.677078247070312,1.0
strong_chaos,9,85,154,69,1.662104845046997,69,0.0,0.0,1.0,19.916492462158203,1.0
strong_chaos,9,200,269,69,1.662352204322815,69,0.0,0.0,1.0,19.916492462158203,1.0
strong_chaos,9,316,384,68,1.6542377471923828,68,0.0,0.0,1.0,19.62778663635254,1.0
strong_chaos,9,432,501,69,1.663503885269165,69,0.0,0.0,1.0,19.916492462158203,1.0
strong_chaos,9,549,616,67,1.6575359106063843,67,0.0,0.0,1.0,19.339078903198242,1.0
strong_chaos,9,1307,1316,9,1.205028772354126,13,1.0,0.1111111111111111,0.6336265206336975,2.2948360443115234,0.9199907779693604
strong_chaos,9,1439,1482,43,0.17985272407531738,43,0.0,0.0,1.0,12.409673690795898,1.0
strong_chaos,9,1599,1639,40,0.143100768327713,40,0.0,0.0,1.0,11.54339599609375,1.0
strong_chaos,9,1754,1797,43,0.18748092651367188,43,0.0,0.0,1.0,12.409673690795898,1.0
strong_chaos,9,1845,1851,6,0.8100649118423462,9,1.0,0.16666666666666666,0.3991231322288513,1.5634719133377075,0.8232168555259705
strong_chaos,9,1874,1883,9,1.397987961769104,12,1.0,0.1111111111111111,0.6264620423316956,2.3139073848724365,0.929961085319519
strong_chaos,9,1897,1909,12,1.367795467376709,16,1.0,0.08333333333333333,0.7834452986717224,3.072051525115967,0.9602649211883545
strong_chaos,9,1920,1934,14,1.4127211570739746,18,1.0,0.07142857142857142,0.7681092023849487,3.6417500972747803,0.9742839932441711
strong_chaos,9,1940,2000,60,18.34445571899414,98,1.0,0.016666666666666666,0.9239616394042969,16.93402862548828,0.9984509348869324
strong_chaos,10,37,101,64,0.5808837413787842,64,0.0,0.0,1.0,18.47295379638672,1.0
strong_chaos,10,171,236,65,0.5926470756530762,65,0.0,0.0,1.0,18.76166343688965,1.0
strong_chaos,10,307,371,64,0.5921471118927002,64,0.0,0.0,1.0,18.47295379638672,1.0
strong_chaos,10,440,505,65,0.6708050966262817,65,0.0,0.0,1.0,18.76166343688965,1.0
strong_chaos,10,575,640,65,0.6704375743865967,65,0.0,0.0,1.0,18.76166343688965,1.0
strong_chaos,10,710,774,64,0.6722460389137268,64,0.0,0.0,1.0,18.47295379638672,1.0
strong_chaos,10,846,909,63,0.5266363620758057,63,0.0,0.0,1.0,18.184242248535156,1.0
strong_chaos,10,983,1046,63,0.5267587900161743,63,0.0,0.0,1.0,18.184242248535156,1.0
strong_chaos,10,1119,1181,62,0.5119664669036865,62,0.0,0.0,1.0,17.895530700683594,1.0
strong_chaos,10,1256,1318,62,0.5172510743141174,62,0.0,0.0,1.0,17.895530700683594,1.0
strong_chaos,10,1394,1456,62,0.5186969041824341,62,0.0,0.0,1.0,17.895530700683594,1.0
strong_chaos,10,1532,1593,61,0.4214363098144531,61,0.0,0.0,1.0,17.606815338134766,1.0
strong_chaos,10,1671,1731,60,0.4211757183074951,60,0.0,0.0,1.0,17.318103790283203,1.0
strong_chaos,10,1807,1869,62,0.476244181394577,62,0.0,0.0,1.0,17.895530700683594,1.0
strong_chaos,10,1946,2007,61,0.47642430663108826,61,0.0,0.0,1.0,17.606815338134766,1.0
strong_chaos,10,2084,2100,16,0.07001246511936188,16,0.0,0.0,1.0,4.609772205352783,1.0
strong_chaos,11,82,144,62,0.6383722424507141,62,0.0,0.0,1.0,17.895530700683594,1.0
strong_chaos,11,220,281,61,0.6385356187820435,61,0.0,0.0,1.0,17.606815338134766,1.0
strong_chaos,11,357,419,62,0.6390999555587769,62,0.0,0.0,1.0,17.895530700683594,1.0
strong_chaos,11,496,557,61,0.5167003273963928,61,0.0,0.0,1.0,17.606815338134766,1.0
strong_chaos,11,635,696,61,0.5170308351516724,61,0.0,0.0,1.0,17.606815338134766,1.0
strong_chaos,11,774,834,60,0.5000065565109253,60,0.0,0.0,1.0,17.318103790283203,1.0
strong_chaos,11,913,973,60,0.5077817440032959,60,0.0,0.0,1.0,17.318103790283203,1.0
strong_chaos,11,1052,1112,60,0.5073474645614624,60,0.0,0.0,1.0,17.318103790283203,1.0
strong_chaos,11,1189,1251,62,0.6119581460952759,62,0.0,0.0,1.0,17.895530700683594,1.0
strong_chaos,11,1327,1388,61,0.6125757694244385,61,0.0,0.0,1.0,17.606815338134766,1.0
strong_chaos,11,1465,1526,61,0.6138781905174255,61,0.0,0.0,1.0,17.606815338134766,1.0
strong_chaos,11,1644,1676,32,0.041119158267974854,32,0.0,0.0,1.0,9.233092308044434,1.0
strong_chaos,11,1796,1829,33,0.047490209341049194,33,0.0,0.0,1.0,9.521904945373535,1.0
strong_chaos,11,1921,1928,7,1.2801697254180908,11,1.0,0.14285714285714285,0.5230286717414856,1.8181818723678589,0.8792752623558044
strong_chaos,11,1951,1956,5,1.5978305339813232,9,1.0,0.2,0.34869781136512756,1.405456781387329,0.7603452801704407
strong_chaos,11,1963,1968,5,0.7183345556259155,9,1.0,0.2,0.36343422532081604,1.4054566621780396,0.7603452801704407
strong_chaos,11,2004,2054,50,2.4026241302490234,50,0.0,0.0,1.0,14.430870056152344,1.0
strong_chaos,12,48,55,7,1.364248514175415,11,1.0,0.14285714285714285,0.6299229264259338,1.9370251893997192,0.8959641456604004
strong_chaos,12,80,88,8,1.062794804573059,11,1.0,0.125,0.5389881730079651,2.0730462074279785,0.930459201335907
strong_chaos,12,144,205,61,0.7356879711151123,61,0.0,0.0,1.0,17.606815338134766,1.0
strong_chaos,12,283,343,60,0.7315585613250732,60,0.0,0.0,1.0,17.318103790283203,1.0
strong_chaos,12,447,493,46,0.11997687071561813,46,0.0,0.0,1.0,13.275918006896973,1.0
strong_chaos,12,596,638,42,0.08380743861198425,42,0.0,0.0,1.0,12.120919227600098,1.0
strong_chaos,12,739,779,40,0.08277551084756851,40,0.0,0.0,1.0,11.54339599609375,1.0
strong_chaos,12,876,924,48,0.15580937266349792,48,0.0,0.0,1.0,13.853399276733398,1.0
strong_chaos,12,1023,1073,50,0.1816023737192154,50,0.0,0.0,1.0,14.430870056152344,1.0
strong_chaos,12,1190,1252,62,0.6683427095413208,62,0.0,0.0,1.0,17.895530700683594,1.0
strong_chaos,12,1328,1390,62,0.6630448698997498,62,0.0,0.0,1.0,17.895530700683594,1.0
strong_chaos,12,1448,1459,11,0.6595001220703125,14,1.0,0.09090909090909091,0.663629412651062,2.9005630016326904,0.9701457619667053
strong_chaos,12,1489,1495,6,0.5808923244476318,8,1.0,0.16666666666666666,0.4337851405143738,1.634587049484253,0.8961117267608643
strong_chaos,12,1504,1542,38,0.44192564487457275,38,0.0,0.0,1.0,10.965856552124023,1.0
strong_chaos,12,1700,1731,31,0.17313280701637268,31,0.0,0.0,1.0,8.9442720413208,1.0
strong_chaos,12,1743,1747,4,1.0194413661956787,6,1.0,0.25,0.16385430097579956,1.0801235437393188,0.714285671710968
strong_chaos,12,1803,1857,54,1.46174156665802,54,0.0,0.0,1.0,15.585783958435059,1.0
strong_chaos,12,1941,1995,54,1.46432626247406,54,0.0,0.0,1.0,15.585783958435059,1.0
strong_chaos,12,2079,2100,21,0.43414992094039917,21,0.0,0.0,1.0,6.055300712585449,1.0
strong_chaos,13,114,149,35,0.05886837840080261,35,0.0,0.0,1.0,10.099504470825195,1.0
strong_chaos,13,266,302,36,0.06460041552782059,36,0.0,0.0,1.0,10.388294219970703,1.0
strong_chaos,13,410,463,53,0.3470722436904907,53,0.0,0.0,1.0,15.29705810546875,1.0
strong_chaos,13,557,609,52,0.350382924079895,52,0.0,0.0,1.0,15.008331298828125,1.0
strong_chaos,13,702,755,53,0.3483259081840515,53,0.0,0.0,1.0,15.29705810546875,1.0
strong_chaos,13,849,902,53,0.35603511333465576,53,0.0,0.0,1.0,15.29705810546875,1.0
strong_chaos,13,996,1049,53,0.34156492352485657,53,0.0,0.0,1.0,15.29705810546875,1.0
strong_chaos,13,1142,1195,53,0.33717235922813416,53,0.0,0.0,1.0,15.29705810546875,1.0
strong_chaos,13,1289,1342,53,0.335060715675354,53,0.0,0.0,1.0,15.29705810546875,1.0
strong_chaos,13,1443,1489,46,0.16344228386878967,46,0.0,0.0,1.0,13.275918006896973,1.0
strong_chaos,13,1594,1639,45,0.16548550128936768,45,0.0,0.0,1.0,12.987173080444336,1.0
strong_chaos,13,1768,1821,53,0.39398840069770813,53,0.0,0.0,1.0,15.29705810546875,1.0
strong_chaos,13,1916,1969,53,0.39756840467453003,53,0.0,0.0,1.0,15.29705810546875,1.0
strong_chaos,13,2062,2100,38,0.36985042691230774,38,0.0,0.0,1.0,10.965856552124023,1.0
strong_chaos,14,1026,1041,15,0.0037682056427001953,15,0.0,0.0,0.980566680431366,4.320494174957275,1.0
strong_chaos,14,1179,1199,20,0.010721005499362946,20,0.0,0.0,1.0,5.7662811279296875,1.0
strong_chaos,14,1331,1355,24,0.017132334411144257,24,0.0,0.0,1.0,6.922186851501465,1.0
strong_chaos,14,1485,1511,26,0.025390557944774628,26,0.0,0.0,1.0,7.500000476837158,1.0
strong_chaos,14,1639,1665,26,0.027310825884342194,26,0.0,0.0,1.0,7.500000476837158,1.0
strong_chaos,14,1793,1820,27,0.03126506507396698,27,0.0,0.0,1.0,7.788880825042725,1.0
strong_chaos,14,1947,1974,27,0.028984062373638153,27,0.0,0.0,1.0,7.788880825042725,1.0
strong_chaos,15,785,812,27,0.02627703547477722,27,0.0,0.0,1.0,7.788880825042725,1.0
strong_chaos,15,941,968,27,0.02652560919523239,27,0.0,0.0,1.0,7.788880825042725,1.0
strong_chaos,15,1096,1144,48,0.22197452187538147,48,0.0,0.0,1.0,13.853399276733398,1.0
strong_chaos,15,1246,1294,48,0.2243460714817047,48,0.0,0.0,1.0,13.853399276733398,1.0
strong_chaos,15,1394,1444,50,0.3036922216415405,50,0.0,0.0,1.0,14.430870056152344,1.0
strong_chaos,15,1543,1593,50,0.31153175234794617,50,0.0,0.0,1.0,14.430870056152344,1.0
strong_chaos,15,1691,1742,51,0.31263548135757446,51,0.0,0.0,1.0,14.71960163116455,1.0
strong_chaos,15,1840,1890,50,0.32665783166885376,50,0.0,0.0,1.0,14.430870056152344,1.0
strong_chaos,15,1988,2039,51,0.31633293628692627,51,0.0,0.0,1.0,14.71960163116455,1.0
