lag_step,lag_time,weak_chaos_mi_normalized_excess_mean,weak_chaos_mi_normalized_excess_std,weak_chaos_mi_excess_mean,weak_chaos_mi_excess_std,weak_chaos_te_forward_mean,weak_chaos_te_forward_std,weak_chaos_te_backward_mean,weak_chaos_te_backward_std,weak_chaos_te_net_mean,weak_chaos_te_net_std,strong_chaos_mi_normalized_excess_mean,strong_chaos_mi_normalized_excess_std,strong_chaos_mi_excess_mean,strong_chaos_mi_excess_std,strong_chaos_te_forward_mean,strong_chaos_te_forward_std,strong_chaos_te_backward_mean,strong_chaos_te_backward_std,strong_chaos_te_net_mean,strong_chaos_te_net_std
0,0.0,0.8017915913645641,0.16266629445924582,0.591793809881487,0.3630988037114963,nan,nan,nan,nan,nan,nan,0.7598995855901365,0.16824537912001303,0.12035291586157863,0.02568751465913272,nan,nan,nan,nan,nan,nan
10,0.1,0.7264272945833343,0.08176296913696458,0.5255529632110851,0.2797457347556356,0.005543500887449422,0.007793269001675809,0.005549030455452443,0.0064215030019012815,-5.529568003021304e-06,0.0022989022278564375,0.7496239387037025,0.08429797295110143,0.11930302248203876,0.016448643623889952,0.008187741252156423,0.00371681640875409,0.006312431556991861,0.0029347801998421625,0.0018753096951645623,0.001750699231940993
20,0.2,0.6890848940217487,0.146409492653618,0.4929285427646118,0.23783453124715845,0.008596134154169965,0.010893602595186864,0.0077271551154987185,0.008322707205883082,0.0008689790386712459,0.002871123276188913,0.7103138588283102,0.045730090597999554,0.11299938989810283,0.010860467401084746,0.010337244446204874,0.003327909461732372,0.009601941074223182,0.0029199279447611856,0.0007353033719816913,0.0020516797323433225
30,0.3,0.6638765025521509,0.1749905623955519,0.4815634023789541,0.2461344418594221,0.009611991399904454,0.006521367066886905,0.008697186769205868,0.005111098468446439,0.0009148046306985874,0.002091466475758282,0.8562811384751041,0.07198205991270155,0.1359080461600939,0.012361015988846293,0.006410752593693093,0.002146740684208422,0.0055001939224521065,0.002542422981738431,0.000910558671240988,0.0009083706053093463
40,0.4,0.6263855971626079,0.13633279287837846,0.446074483256098,0.20337932579071974,0.010277020622621683,0.008106672852045374,0.008859083635528099,0.006350196952960105,0.0014179369870935832,0.002019406188259087,0.9490476188115313,0.07268395012571084,0.15111694624441763,0.018086165055568287,0.004905910075542011,0.002347452193807492,0.00328516911329023,0.002274309962938458,0.0016207409622517818,0.001577840707798621
50,0.5,0.61500016300492,0.11030285953681326,0.4297989232316091,0.1781620967443621,0.010838760350366242,0.008540918989258602,0.010111717569198347,0.0073606919058382975,0.0007270427811678943,0.002354226551490696,0.9154350078093474,0.027685278409777282,0.14577801325744902,0.013829044134444598,0.0055904139069772926,0.00263959264791041,0.00571179092118448,0.003039483489611209,-0.0001213770142071878,0.0022913282880031942
60,0.6,0.5780327100085662,0.13404722352015275,0.39595811942208964,0.1579253134153423,0.011861772364237324,0.00864538856337618,0.010282416209052491,0.006278223075618465,0.0015793561551848338,0.003025238657417334,0.8859980977291292,0.05175134218431558,0.14045195245639785,0.0061731510898206735,0.005784085811515185,0.0020878936640882566,0.006751597544775551,0.0031382372290535703,-0.0009675117332603643,0.0017048917589018487
70,0.7000000000000001,0.5404460831650472,0.20215596015588796,0.3612888342585908,0.15996264330297078,0.010879285230560708,0.006501576212760764,0.008765962046547471,0.004330403449185046,0.002113323184013239,0.003512331575430039,0.8644413902341869,0.08848743324739518,0.13673700167410452,0.009461315441691494,0.0036953160785632667,0.001455213196326422,0.003769562455366855,0.0015341084538897617,-7.424637680358801e-05,0.001175572512440117
80,0.8,0.4988781595828562,0.1955032997037212,0.3390207531925258,0.169322447973658,0.010110272466925828,0.006376545713426198,0.009459141295393934,0.005065938883608582,0.0006511311715318927,0.001472079765822122,0.862649029400296,0.10166301728000736,0.13619842005084867,0.009804177247955955,0.001349142597221947,0.001039921044265656,0.0018143830298294847,0.0009090299993256228,-0.00046524043260753775,0.0008788541672483022
90,0.9,0.48737959694275723,0.172749288514056,0.33347343731994517,0.16538753338560946,0.013204946585971553,0.007772265568500734,0.010607437021627242,0.006579676120857671,0.0025975095643443113,0.002312003086249244,0.7479655182922411,0.11887390018225848,0.11816142083309411,0.01682054507137392,0.0014777594406243742,0.001750286323133967,0.0013863785987575888,0.0010335019193625412,9.138084186678525e-05,0.0015600369816860294
100,1.0,0.5103452132406818,0.15169455850081284,0.36243154812046774,0.19018343559106787,0.014689690285143659,0.007576377922763562,0.01195260433759384,0.007248007482308963,0.0027370859475498188,0.0016346555922413565,0.6585626614066376,0.1407016254441982,0.10398200207424198,0.021271698567850533,0.0020929084552510353,0.002109189306435323,0.0018465604645293992,0.0009787256977703425,0.0002463479907216362,0.00148226402955454
110,1.1,0.5404480809405239,0.14206177556018862,0.39294173821820344,0.20803679120427127,0.015462582698268537,0.006708992772406327,0.01339653073919254,0.0075060704178985145,0.0020660519590759954,0.002878953940516737,0.6043406397106351,0.11427390954774426,0.09583853146320402,0.018082801512420782,0.001927123983198815,0.001439362033571403,0.0029267482322227244,0.0015342060840450773,-0.0009996242490239095,0.0012094520015457691
120,1.2,0.5732401394479473,0.10986618838871592,0.4247881613202257,0.2245059838327358,0.012467008989342382,0.0050797233756842315,0.010533836052924178,0.005042790209207684,0.0019331729364182027,0.0024448565352136234,0.6070764933839108,0.09182566028778337,0.09598040727688897,0.012236900216684709,0.0016706383668929872,0.001418202669599631,0.002263598399468681,0.0009189148154795659,-0.0005929600325756939,0.0009143355069169242
130,1.3,0.6182515577088525,0.07566938604350709,0.461306227083332,0.24140974183015182,0.011488459409686552,0.004528047243151475,0.009916589103402743,0.0033528087203822054,0.0015718703062838092,0.0036704380849485433,0.6363089478458914,0.11628940953861158,0.10021226330080088,0.013806428944321228,0.0011929136281062466,0.0008930580102857455,0.0016166061826836677,0.0015370351470853647,-0.0004236925545774213,0.0013636538340625083
140,1.4000000000000001,0.6808063861099216,0.09533855624544058,0.5038715147580195,0.2594340556246044,0.010871886251068134,0.004963076153403498,0.010051989183787401,0.005208516146444576,0.0008198970672807342,0.001834916806710976,0.6714537657776063,0.1315811423528682,0.1057318275709828,0.01669276496770413,0.0014713620372608827,0.0013767094332667543,0.0019283142218534913,0.001375877819921355,-0.0004569521845926086,0.0015271099913001154
150,1.5,0.7784824925875405,0.1374174024993925,0.5799375761020049,0.3238189136960171,0.009168931707299894,0.008142939163951838,0.009866188442096125,0.008261574639690471,-0.0006972567347962323,0.002601131888650563,0.6804420400775699,0.12923862921862497,0.10743139014326689,0.017855319720659558,0.0010895045255593812,0.0008343189337111,0.0014773052297962865,0.0013203780163052708,-0.0003878007042369052,0.0008618958379206264
160,1.6,0.8042949765691525,0.13284057577734595,0.5908372627073437,0.3256236006764519,0.0032119886306160306,0.004179934792550755,0.004451114301037375,0.002409913713116674,-0.001239125670421344,0.002706487038956563,0.6851877577513539,0.09349746312872899,0.10844290814875941,0.012687590785279432,0.0012779343748783585,0.0005985398567075929,0.0010860608424977532,0.001083568760004144,0.00019187353238060527,0.0012627975973736778
170,1.7,0.7209872803979145,0.07987335955659737,0.5184307065727918,0.25460955698444826,0.0037343116799492164,0.004380430001850506,0.004354549898131823,0.0025582438345153977,-0.0006202382181826078,0.002332761678589342,0.6493036046894842,0.08575489347119325,0.10265012116454719,0.010527491763766925,0.0008099970899136388,0.0006742025241779272,0.0003960952602854371,0.0005597324887403266,0.00041390182962820174,0.0010659179928425827
180,1.8,0.6445492858224012,0.03881546309571611,0.4679690912444954,0.23348947503586337,0.005142632974680245,0.0035361962985686743,0.004656079776512679,0.0024008144651149273,0.0004865531981675641,0.00284392062761173,0.6281110435022177,0.06814403791234147,0.09944918438727579,0.009075175538028312,0.0007034366632255029,0.0008130634126425896,0.0004378649711786458,0.0004943634640390732,0.0002655716920468572,0.0007372765573855577
190,1.9000000000000001,0.5683257817027829,0.01250110296923109,0.4142072815812238,0.21062320981493257,0.007125071316814108,0.004467650327588399,0.0059645526621532816,0.004300268701854958,0.0011605186546608266,0.0027088440907793365,0.6274084666386806,0.056248626613486695,0.0992016579186368,0.004614421270028338,0.0008736556259701129,0.0006695468554831742,0.0005553786572636561,0.0004723111705267273,0.00031827696870645667,0.0007855950235393115
200,2.0,0.5223373400007548,0.05954017221777764,0.37896053873241675,0.19360777667559997,0.008998539982135515,0.004354531110128054,0.007502289596036976,0.003980087902130567,0.0014962503860985385,0.0013894006623220868,0.5947008547553141,0.06113965544425568,0.09391705174901341,0.004818847420652786,0.0005355867367583787,0.0009889289983154713,0.00039478297117836114,0.00039784810098393797,0.00014080376558001754,0.0012486571673955018
210,2.1,0.49541637222467505,0.11438473971518238,0.35304471547153665,0.1772106473544109,0.009575986659842963,0.004633059294955046,0.007373220156176248,0.004978981057886316,0.0022027665036667148,0.0022127692157034216,0.5779596694633042,0.07980883917014421,0.09121522944048517,0.009622503268468726,5.787717671625857e-05,0.00011575435343251714,0.0004127645813285591,0.00044391066312680016,-0.0003548874046123005,0.0005081683229086467
220,2.2,0.47700139854449797,0.1373277701268436,0.34058774760180127,0.17553436363447417,0.010547940889103605,0.005805013035341355,0.00910069033452187,0.00555849125519025,0.0014472505545817358,0.0018777117277250807,0.5717563777726553,0.10026787346664605,0.0900551473299369,0.013300331460599552,0.0003490607418256148,0.00038442752619046323,0.000505875833941152,0.0004468598174640808,-0.00015681509211553716,0.00045451507561755503
230,2.3000000000000003,0.4402386199730902,0.1530698969836926,0.31524543673746497,0.170863675165352,0.010479792148272406,0.005259420335670465,0.008219080785317093,0.004836057691383599,0.0022607113629553163,0.000705751379479358,0.5714035983897064,0.09720627711220882,0.09019674676043535,0.01349136362153098,0.0005157229938981166,0.0003502956463221485,0.0005217502848924527,0.0006568833058935118,-6.027290994336035e-06,0.0007253917364054445
240,2.4,0.4347126992324766,0.1502607891217958,0.3136448940531733,0.1825073196366456,0.011141405310112536,0.0053812019601399575,0.008694831128329583,0.005388271516575589,0.0024465741817829537,0.0012230705093976147,0.5894462613480774,0.12780862190455025,0.09287695675473669,0.01744863996938315,0.00041480094680785217,0.0005020635665466208,0.001211146781633281,0.0007202946363719432,-0.000796345834825429,0.0009515036428364281
250,2.5,0.4446698593117291,0.1246197661756586,0.3213510062872583,0.18032175866290648,0.011868878139486377,0.005906153553465727,0.009319814540254401,0.0057095122958387996,0.0025490635992319764,0.0011600825488894692,0.6016169937562184,0.11335946231241233,0.09479644910876249,0.014648972212308707,5.3692498634356e-05,0.000107384997268712,0.000725301048112326,0.0006595008716518565,-0.00067160854947797,0.0006360682392021029
260,2.6,0.4669452795612951,0.09334818453411144,0.3366696547855407,0.17722203805226877,0.012863381809412853,0.007051079880474254,0.01006430478036752,0.007274037706164935,0.002799077029045332,0.0015223772177033676,0.5985148300216039,0.13247132506388595,0.094011573269476,0.016423910664278445,8.618710330306374e-05,0.00017237420660612748,0.00010745324059570245,0.00021490648119140487,-2.126613729263871e-05,4.253227458527742e-05
270,2.7,0.505735859554197,0.06763672032213522,0.368919637358507,0.193607821913113,0.014014400224723129,0.009642046153490182,0.011320550939511117,0.009076278908068072,0.0026938492852120084,0.002933331653800118,0.574698439445272,0.14125707770048462,0.0902292154300586,0.01822757695839244,4.621507778802131e-06,9.243015557604261e-06,0.00027719611492209756,0.00038474070633750184,-0.0002725746071432954,0.0003763271335205878
280,2.8000000000000003,0.5785539184742634,0.05251350760672072,0.42654700441506216,0.22269592118763767,0.009766519013863375,0.0065180520004487945,0.008961624150685124,0.0053617861461998815,0.0008048948631782515,0.0020814375106394,0.5811055230813427,0.13898920299123121,0.09123831629674971,0.017221359490783,0.0,0.0,0.0002946756081101627,0.00025660726461768806,-0.0002946756081101627,0.00025660726461768806
290,2.9,0.6455477443585348,0.07567227624971433,0.48475666456808925,0.26569300120535055,0.00912533517845265,0.005872255088801268,0.010496411958028659,0.006147997918097268,-0.001371076779576009,0.0005582767654073577,0.5734801470414649,0.12573161806608332,0.09006159743650263,0.015744506444614892,0.00019333598739378725,0.00035041171571352254,0.000445921405712163,0.00039015385661060376,-0.00025258541831837576,0.0004643427648084861
300,3.0,0.6934780779094647,0.10583556837469794,0.5327767628238241,0.31318220195252294,0.009619638727147453,0.007002791742465058,0.010244623856244299,0.0069872180580448015,-0.0006249851290968448,0.0017510440219668925,0.5750518285892123,0.09029557671567835,0.0907002830000608,0.010999043000594507,0.0005474327562560336,0.0005426693201321578,0.00012738949181529403,0.00016869918849504828,0.0004200432644407396,0.0006561652180982494
310,3.1,0.7188441118522624,0.15731006853562984,0.5725861599540576,0.3978010753927375,0.0060582111766051775,0.004779314451703041,0.006902408348706386,0.005780166953990368,-0.0008441971721012093,0.002781241899503086,0.5573926652584695,0.07176853371052112,0.08804815425658546,0.008837907414239588,0.0005013384531208257,0.0004848368206043835,0.0004247805968223068,0.0005203873519496878,7.655785629851891e-05,0.0007197142158383602
320,3.2,0.666723884848186,0.09608364893156272,0.5120880579538689,0.31967331601818405,0.00285195262564087,0.003159646278323284,0.0036968172178805632,0.002012539287940937,-0.0008448645922396931,0.001827669596374701,0.5608106765950929,0.07473882983775348,0.08864862057416864,0.010109762253007587,0.00038513817397109115,0.00047181916406073885,0.00015607835735083792,0.00021301398992579123,0.00022905981662025323,0.0005417764681153863
330,3.3000000000000003,0.6095853491486254,0.05149162928562166,0.45393165426469884,0.25901475676964414,0.0036570898122277686,0.0037318097498289884,0.0035678868766417433,0.0029297374166668893,8.920293558602535e-05,0.001788010152552893,0.5785083095306509,0.08060707499200494,0.09134559997050185,0.010371263719887771,0.00016554149686883596,0.00029715876415434804,5.341357582127164e-05,0.00010682715164254327,0.00011212792104756431,0.00019103292884637197
340,3.4,0.5649103727953415,0.07537964324094923,0.4244596294694789,0.26112933304871194,0.004445879909881524,0.0034090817672733863,0.004365527222106242,0.0036523570180958275,8.035268777528164e-05,0.0015313019621000735,0.584951945825239,0.10326907287239086,0.0923758615626098,0.014619275088267209,0.00026931322882969985,0.0002603403969370612,4.5105109322629565e-05,6.513153688972312e-05,0.00022420811950707025,0.00022844103017245553
350,3.5,0.5039361242067557,0.04646953743382802,0.3671747863776976,0.19570673592817317,0.006169533916549573,0.004001792734127166,0.006174074517173033,0.0052107694369425365,-4.540600623459488e-06,0.002573382637596927,0.5643168652166594,0.09141412750640025,0.08912352005685975,0.0123727165419998,1.1662938830131129e-05,2.3325877660262254e-05,9.357099637241039e-05,0.00018714199274482077,-8.190805754227925e-05,0.00019429062671949914
360,3.6,0.46455090100692675,0.06614280121788761,0.33979390493052686,0.18135559227726977,0.008034699818156717,0.005158566478794962,0.006629859442508666,0.005406175798071814,0.0014048403756480499,0.0013698400980572051,0.5732873953159853,0.09337765079298993,0.09064146770799399,0.013573895971180356,9.979234983740481e-05,0.00013443712706785323,0.0,0.0,9.979234983740481e-05,0.00013443712706785323
370,3.7,0.44395290514211805,0.0817133367298405,0.3217103411340739,0.16973624862276848,0.009660075304623397,0.0057098520969722745,0.00822757367490785,0.005691156541696571,0.001432501629715544,0.0014493334526053797,0.5692282665775756,0.11359223084501344,0.08958773886004048,0.014854918137884962,0.0,0.0,2.2347146909845045e-05,4.46942938196901e-05,-2.2347146909845045e-05,4.46942938196901e-05
380,3.8000000000000003,0.4415077940515982,0.11390210621482368,0.32114366440293124,0.17492851727461894,0.00958987225930626,0.005358119325902444,0.009143520197247967,0.00488867759957252,0.000446352062058291,0.001518967588080266,0.5618083499420968,0.12009877964176674,0.08834442661184702,0.015830831712190754,0.00012344491420561188,0.00024688982841122376,0.0,0.0,0.00012344491420561188,0.00024688982841122376
390,3.9,0.4291097726401931,0.11235766371841949,0.31203686920040263,0.16967345016500587,0.00832844881808026,0.005518708321881724,0.00820617200640911,0.004474862394481211,0.00012227681167114763,0.0013742977010640501,0.5847634453941717,0.1107607757492003,0.09179858883185654,0.012560924851825795,0.0,0.0,0.00015449212998960848,0.00030898425997921697,-0.00015449212998960848,0.00030898425997921697
400,4.0,0.4316692665186676,0.10214766750164636,0.3156095019378609,0.17845866981709826,0.009078308109948544,0.005503763058163344,0.007729818603583402,0.0044205882884573305,0.0013484895063651415,0.0019430771842585373,0.563357482759069,0.11778718748767394,0.08826134511944632,0.0129524805594102,0.0,0.0,3.64838446010568e-05,7.296768920211361e-05,-3.64838446010568e-05,7.296768920211361e-05
410,4.1,0.4424197609838716,0.08481816956637007,0.32070281626095015,0.17882256025124643,0.01019013624948956,0.006875726156488604,0.009188782978321479,0.0056003787160190015,0.0010013532711680814,0.0021963878220187384,0.5707202106907553,0.0996997033385644,0.08969979676388593,0.010608690460554137,0.00014161264281511467,0.0002832252856302294,0.0002881871328418224,0.00035441145256681926,-0.00014657449002670775,0.0005361398354393466
420,4.2,0.45249340623925577,0.05781575512063228,0.32930075447911855,0.17751195113807214,0.011854365240202515,0.00806575514979434,0.010578630921678892,0.007629436725772953,0.0012757343185236234,0.0013643255625443154,0.5851342325493267,0.1191581527886177,0.09217315844305712,0.016188038264638643,0.0001184319814778876,0.00014835471993433335,0.00040608504428172183,0.0008121700885634437,-0.0002876530628038342,0.000759830328442677
430,4.3,0.4971896426714057,0.04644734210541544,0.36429984671047333,0.19720311982855096,0.009764256527979302,0.007352036351894011,0.009277094366733005,0.006494471727339849,0.0004871621612462972,0.0013517644449796624,0.6074829075665055,0.121135132860478,0.0958164576220708,0.016861670280972126,1.5351630392734794e-05,3.070326078546959e-05,0.00010099842866882376,0.0002019968573376475,-8.564679827608896e-05,0.00021176969020964267
440,4.4,0.5542598977307498,0.07677510528079949,0.4173970520382742,0.24562817885377322,0.007581206995424095,0.006219619984860743,0.007876694431089772,0.0063154827751287675,-0.00029548743566567664,0.0006580098763869087,0.6386773289142805,0.14072619221939417,0.10050902471910658,0.018626823153595717,0.0,0.0,1.4409879647185943e-05,2.8819759294371887e-05,-1.4409879647185943e-05,2.8819759294371887e-05
450,4.5,0.6040417507313485,0.13605622189784777,0.4720619746359492,0.3081390130085901,0.007283281030408967,0.006098527765845087,0.007761288300637391,0.006644392274490869,-0.0004780072702284227,0.0011306938793501395,0.594183716438537,0.1226512465999684,0.09371911850711204,0.016867233572044078,0.0,0.0,2.7446923821186285e-05,5.489384764237256e-05,-2.7446923821186285e-05,5.489384764237256e-05
460,4.6000000000000005,0.6606991095238591,0.21513005607476882,0.5432995912835957,0.4023127233993807,0.00798190382279824,0.006928611775571569,0.007664597882608312,0.0085613214418988,0.000317305940189927,0.0024614004824391896,0.5642672144931854,0.1198425851235793,0.08893768531717886,0.016784279009626327,0.00014422412695767225,0.0002884482539153445,0.00044873645786725445,0.0003799521051482666,-0.00030451233090958223,0.0005974974854619695
470,4.7,0.6612629923503969,0.20904678278294528,0.5485852614689811,0.42187892319054127,0.003798754534429176,0.0035977844703284486,0.0038446868228108402,0.002550097860780787,-4.593228838166361e-05,0.0029542569162501774,0.5651765016729772,0.10446992404019499,0.08922012197193727,0.014530810501973473,0.0,0.0,4.470617970468958e-05,8.941235940937916e-05,-4.470617970468958e-05,8.941235940937916e-05
480,4.8,0.5990248235132859,0.11757428942333324,0.47148580775327786,0.31751490591084247,0.003174244429863708,0.0028387744660165683,0.0027260165549081493,0.0019302756678673315,0.0004482278749555592,0.00220114649364655,0.5766485390084654,0.10342917987830898,0.09092200920337626,0.013248236902852848,0.00018059897940081587,0.0003497338859508382,0.0006141947103945972,0.0007580116467207672,-0.0004335957309937813,0.0009579097387875093
490,4.9,0.5445121159322953,0.06139712221159189,0.411741854323472,0.2490019486757035,0.003226632350745125,0.0020454238205899777,0.003200834315739987,0.0023234284642852715,2.5798035005137297e-05,0.001445439877376311,0.5553859947028441,0.11650494131370077,0.08739451225810349,0.014946350966412532,6.60071329080001e-05,0.0001320142658160002,0.00037939539657111593,0.0007587907931422319,-0.00031338826366311586,0.0008020454094804489
500,5.0,0.5008813306327693,0.06907521748621868,0.3681233245714269,0.2180530741147557,0.004643970927335829,0.0037233364464884498,0.005318537429379564,0.004284061506234515,-0.0006745665020437362,0.0013143167879410022,0.5710017815401677,0.10513662963012475,0.09005400666166255,0.014730700290319582,0.0,0.0,0.00029827295887229486,0.0004040162675660829,-0.00029827295887229486,0.0004040162675660829
510,5.1000000000000005,0.4671059383434356,0.0608970278882583,0.3343208507434353,0.17721090512562673,0.006238927294522102,0.004696084823298798,0.006568803133114679,0.005197886299863119,-0.0003298758385925759,0.002372151731527337,0.5905068742198358,0.09502673282445605,0.09338701296251715,0.013854514878509304,0.00022268991553303676,0.0004453798310660735,0.00013891360291105187,0.00027782720582210374,8.377631262198489e-05,0.0005808790469733486
520,5.2,0.44236154305797193,0.07186454722341142,0.3175059767387688,0.1688074147942719,0.007616253732692235,0.0053656455452816285,0.006247619793843859,0.005782887785161168,0.0013686339388483775,0.0017687415617314288,0.6035900428242558,0.11598379684857182,0.09545968821225934,0.017276233690169368,0.0,0.0,0.00014618334647928006,0.00022033129091267073,-0.00014618334647928006,0.00022033129091267073
530,5.3,0.43115865118486124,0.08788544035903219,0.3130286335297985,0.17543399815712468,0.00845958507973914,0.00589368466195753,0.006965303365964333,0.0057978897569407085,0.0014942817137748063,0.0023456842546528017,0.6006582268597933,0.10664459007123082,0.09459990512096945,0.013601833311601915,0.00026869908172844276,0.0003550527135575051,0.0003354099201208306,0.0006708198402416612,-6.671083839238784e-05,0.0003655896266012195
540,5.4,0.42966080326186,0.11335425802496424,0.3089205672614395,0.17239976485467914,0.00786037706399658,0.005293907956310011,0.007022617242567539,0.005584896947076392,0.0008377598214290401,0.0016392465055928007,0.5792186164144973,0.10059964825045611,0.09157292448534107,0.01458989049040893,0.00023342336139427905,0.0004231238027545893,0.00017338658515216043,0.00034677317030432087,6.003677624211862e-05,0.0005906787264519766
550,5.5,0.4276055434684384,0.11192587799054969,0.31388542178900075,0.18756015320160943,0.008432938157192574,0.005713387897802107,0.007717024800269154,0.005696098191806098,0.0007159133569234203,0.0017145860941366663,0.5829291838140608,0.09199699134065996,0.09183453907280419,0.010626099111844789,0.0001613386701033878,0.0003226773402067756,0.00028785515462184387,0.0004167089421666858,-0.00012651648451845603,0.0006088114190969025
560,5.6000000000000005,0.4032584369075251,0.10047324784180926,0.29909090872958444,0.18357984752907622,0.00861787002844892,0.005776371129968086,0.007850392602082595,0.005601742912825584,0.0007674774263663239,0.0020565110699796753,0.5641768515533686,0.1015246613645452,0.08881068203172046,0.012323499300615128,3.5809776634813936e-05,7.161955326962787e-05,5.4981980659368076e-05,0.00010996396131873615,-1.9172204024554133e-05,0.0001454620847236586
570,5.7,0.39258076943171616,0.09037196904265121,0.2951540977717211,0.1871114663209087,0.009960855241752992,0.006580826551133773,0.00875939798891782,0.006403903162415343,0.0012014572528351718,0.0023955728799937306,0.5592603372219854,0.08361513142738895,0.08831923022853926,0.010957758576141221,0.00033084614548610535,0.0004449223276898875,3.898686744688469e-05,7.797373489376938e-05,0.00029185927803922066,0.00047940910572185686
580,5.8,0.41357703753355457,0.08779745631554663,0.31215381867174163,0.19764868656349213,0.012195226334137834,0.009164886319819914,0.010876989602193948,0.008876210821094284,0.0013182367319438844,0.0017543066255712668,0.5637966897958777,0.07553729646537179,0.08904599650569017,0.009185945908694688,0.00011991860469358836,0.00023401598766956895,0.0002533250971884442,0.0005066501943768884,-0.0001334064924948558,0.0006100939979417225
590,5.9,0.4734443544048692,0.09636519693617034,0.3680209305310481,0.24205104411002523,0.008762717510900584,0.006008912941703925,0.007745781194630002,0.00680777113482896,0.0010169363162705813,0.0017480569322746878,0.5702480898244615,0.09860123587919811,0.08996803719277087,0.013116778907303546,0.0001172583388698082,0.0002345166777396164,0.0,0.0,0.0001172583388698082,0.0002345166777396164
600,6.0,0.5358394552791091,0.12361111153794407,0.4232046891820887,0.28325433202073014,0.008630720984193655,0.004988179859948483,0.00837119427675571,0.005182391847305248,0.000259526707437947,0.0009689540904326216,0.577682971800452,0.1200152562425518,0.09079093197469032,0.015658606335419566,0.0003703117150531402,0.0007406234301062803,5.179298611534926e-05,0.00010358597223069851,0.00031851872893779094,0.0007730538260028007
610,6.1000000000000005,0.6141904564197588,0.18422163568675334,0.4969798189376779,0.35258677392944593,0.008258066314428335,0.006025764071580831,0.008903429325182625,0.00687887398507411,-0.0006453630107542887,0.0011572433395040495,0.5782985473585315,0.10600723690625428,0.09081736388298808,0.011968371359717027,0.00012157180468429334,0.00017237712652720463,0.0003484965704760951,0.0004455029935451571,-0.00022692476579180173,0.0005179912537919797
620,6.2,0.6949432038431083,0.2596848647379523,0.5817057280362474,0.4546618831738665,0.007338759009330349,0.00818649150675416,0.008493829727293586,0.009928497283373918,-0.0011550707179632388,0.002038907584026089,0.5916432943549907,0.12118276288533598,0.09282855417151639,0.014699595812953365,0.0001686318660982674,0.0003372637321965348,0.0,0.0,0.0001686318660982674,0.0003372637321965348
630,6.3,0.6500096033300629,0.18660609909782033,0.5205285718245242,0.36655959107512953,0.00201764080286321,0.00167138953581664,0.00299143322242021,0.0021134847698785503,-0.0009737924195569993,0.0015887730261989102,0.5981976630041,0.12163319732115398,0.09397509199572555,0.014638657082012708,0.0,0.0,0.000271722137185822,0.0005434442743716441,-0.000271722137185822,0.0005434442743716441
640,6.4,0.582690770619313,0.12676368369042862,0.4507603309232785,0.29177680243520654,0.002652944981830963,0.0023878920890251423,0.0029688957886690936,0.0022409285195481837,-0.00031595080683813066,0.0013810563065811757,0.5702508974707243,0.13107601328156218,0.0895668602654122,0.01739758333999791,0.00026440777241612393,0.00032387662137067666,0.0,0.0,0.00026440777241612393,0.00032387662137067666
650,6.5,0.528547583499248,0.07427182675033289,0.395174891359213,0.23913210504559224,0.003715112665105602,0.0032738479344407074,0.003442709401354026,0.0036624011558709976,0.00027240326375157673,0.0012177462018357747,0.5947121596478819,0.11437583064252341,0.09368661305974849,0.014975644653250372,0.0001521189048476923,0.0003042378096953846,2.513998666087841e-06,5.027997332175682e-06,0.00014960490618160446,0.0003055335972575931
660,6.6000000000000005,0.4679742815395995,0.07063714201004798,0.33978235747081886,0.19278778768996258,0.004775409180563452,0.004205383786631338,0.0042499225181039475,0.004284319818427153,0.0005254866624595035,0.000842987163560203,0.5740895771633301,0.10175229522668189,0.09060620742645539,0.013451855449024917,0.0,0.0,0.0,0.0,0.0,0.0
670,6.7,0.41787552420789187,0.07611389892697341,0.3038612177308633,0.1752947938786703,0.005839147291747576,0.004535873648961115,0.004798127164757958,0.003917738958260378,0.0010410201269896169,0.0017292020655442467,0.5399481533789496,0.10050438788683946,0.0851069261080157,0.01366535785579329,0.00016591324190546943,0.00033182648381093887,0.00019147061538633549,0.00025418655683235973,-2.5557373480866035e-05,0.00048811334963242515
680,6.8,0.4055501249107733,0.09657280951833123,0.2955862119646252,0.17544957095313773,0.007181436407907499,0.004948415153180822,0.005874622701439527,0.005342097461160888,0.001306813706467972,0.0017086813960912638,0.5782578472400104,0.09363630667756832,0.09119456525417796,0.012138508380061466,0.000439073426774134,0.0006175335949816883,0.0,0.0,0.000439073426774134,0.0006175335949816883
690,6.9,0.40951524332922257,0.1172007371869046,0.30521188619988315,0.19655592564544208,0.008688561701703557,0.006594278684336115,0.007293015512880761,0.007001346464591873,0.0013955461888227956,0.0018188151562320808,0.5672626234363227,0.08257479435987017,0.08951023670233633,0.010407064871902337,0.0002456642130794943,0.0002804861035805438,0.0,0.0,0.0002456642130794943,0.0002804861035805438
700,7.0,0.39011688375590703,0.11933966277901957,0.2888046109903857,0.17981490186327367,0.009179956541445307,0.0063277968997025496,0.008204008902125975,0.007224058999689357,0.0009759476393193318,0.0019504445460870531,0.5668855662389508,0.08803037189742957,0.08962999434251591,0.012409248030687992,0.00011162093471416522,0.0002232418694283304,0.00018779956145561252,0.00037559912291122504,-7.617862674144729e-05,0.0004825311995868338
710,7.1000000000000005,0.3948807553108528,0.11802547284537909,0.30099835279619197,0.2038164632356768,0.008563546300611504,0.006267197076809522,0.007250894477106212,0.0059117166899429726,0.0013126518235052943,0.0016186054881294437,0.5597329889429136,0.09402552640259115,0.08830257098385665,0.012254431189021135,0.00015829271140863633,0.00020351970047299568,0.0002131840612382866,0.00042636812247657315,-5.489134982965029e-05,0.0002832371429660267
720,7.2,0.3892370007670446,0.10736284966299856,0.2951709524316103,0.1924677846363882,0.008433806209316295,0.006051115359943314,0.007418959456011391,0.005764906606149225,0.0010148467533049046,0.0019833687255998225,0.5563576317085945,0.10722913278887655,0.08751219788573024,0.013438437768350856,0.0,0.0,0.00017352842563816834,0.00014724445836065636,-0.00017352842563816834,0.00014724445836065636
730,7.3,0.40744315860454866,0.08966314460498544,0.3032507519954535,0.18660730670780332,0.009765671436601647,0.007556549191864673,0.00871417278574869,0.007430947769212128,0.0010514986508529593,0.002555263728346958,0.5657873796908562,0.09991911563314632,0.08905130891649335,0.012568753182842129,3.080772619949296e-05,6.161545239898592e-05,0.0,0.0,3.080772619949296e-05,6.161545239898592e-05
740,7.4,0.44243715634408637,0.08461911296854965,0.3332347917423838,0.20945196350712697,0.009593683843621404,0.006243317079711496,0.008119395713645923,0.007295359471582395,0.0014742881299754811,0.0014909501045838362,0.5532974369365833,0.1103193305514,0.0868776388052815,0.013232989516295585,0.0,0.0,0.0,0.0,0.0,0.0
750,7.5,0.5037376240753769,0.11893976648194426,0.3891204420590343,0.2647458854949305,0.007120794148127249,0.004503999077755883,0.0066424543064237005,0.005418254914650209,0.00047833984170354637,0.0011250409267903874,0.5526721420115435,0.10405873101755127,0.08677857904190493,0.011828620502750705,8.064105343292099e-05,0.00016128210686584197,5.8973780036334494e-05,0.00011794756007266899,2.1667273396586485e-05,0.00022233974097377076
760,7.6000000000000005,0.5554286185006092,0.14843882412961212,0.43969290708041536,0.31189629853926376,0.007512370310518141,0.005861795640328047,0.007497531172372608,0.007183993683709828,1.4839138145533119e-05,0.0018487081848150041,0.5538235411575656,0.08746499244834727,0.08717303398151269,0.00909147004466431,4.379619223982764e-05,8.759238447965528e-05,6.561037413668827e-05,0.00013122074827337654,-2.181418189686063e-05,0.00017503793792630055
770,7.7,0.6082686272902389,0.19526728049009287,0.4977440617062774,0.377556329723584,0.007777941299375489,0.006911407222347272,0.007466897264091181,0.008534811762078088,0.00031104403528430826,0.002350323010717198,0.5439780649861358,0.07093702591149165,0.08598403923659668,0.008728092384677361,0.0,0.0,1.8646392101164326e-05,3.729278420232866e-05,-1.8646392101164326e-05,3.729278420232866e-05
780,7.8,0.6488610730063245,0.24371224883667167,0.5458209700330816,0.443953897413695,0.0027116718666862147,0.00270014699647119,0.003199462474018787,0.0025239373910157536,-0.0004877906073325715,0.002843526150404288,0.5636394195795501,0.08404376713030541,0.08898783437180198,0.011011893655931094,0.0,0.0,0.00014009772897859325,0.00018829391725626267,-0.00014009772897859325,0.00018829391725626267
790,7.9,0.5843839248651694,0.16849034171699503,0.4704350650443504,0.33800223085222547,0.002204960587369533,0.002711630929950041,0.0017329346254792832,0.0018745878989175797,0.00047202596189024963,0.003439942707806875,0.5739474930871881,0.07688521968671082,0.09076192452394646,0.010409969143725419,0.0,0.0,8.152679485518046e-05,0.00016305358971036092,-8.152679485518046e-05,0.00016305358971036092
800,8.0,0.5173038102011267,0.10897578263429185,0.40055391763926407,0.2636227877963246,0.0033000834914314304,0.0027379734452769706,0.002550716990456051,0.0028784892624675084,0.0007493665009753786,0.0016401289581780278,0.5772376218654636,0.07555948526004302,0.09147745125400616,0.011725285114472395,0.0,0.0,8.503093480865497e-05,0.00017006186961730994,-8.503093480865497e-05,0.00017006186961730994
810,8.1,0.47078884414737177,0.08937779443457608,0.3532775153964073,0.22316449050939519,0.00514118487981719,0.004519712180889259,0.004408119278827866,0.004538025659841569,0.0007330656009893251,0.002424276172211329,0.6066265305501111,0.09979995415452575,0.09572305946750823,0.013071439665621569,0.0,0.0,0.00018322485364479258,0.00022613513078166024,-0.00018322485364479258,0.00022613513078166024
820,8.2,0.44371728905695723,0.08784578334284118,0.318740827377564,0.1814916699824316,0.004937260897041882,0.004633518460536792,0.004262181445748208,0.004134012809951037,0.0006750794512936757,0.001555424054699453,0.593684243430247,0.1058931299731417,0.09356056012355382,0.013833391976353034,0.0,0.0,3.389766473561179e-05,6.779532947122358e-05,-3.389766473561179e-05,6.779532947122358e-05
830,8.3,0.41507011663036275,0.09415013578554669,0.2979857466370829,0.17439289161216046,0.005804376802247051,0.005424431087439379,0.005095214355851853,0.0049008913804486675,0.0007091624463951982,0.0018132547879972883,0.5862892305962276,0.10286900920024605,0.09251979693613939,0.014086915687189464,0.00010268635999647405,0.0002053727199929481,0.00032824089862284534,0.0006564817972456907,-0.0002255545386263713,0.0004511090772527426
840,8.4,0.3899180489706344,0.10245480520374019,0.28484302479855994,0.17855946701335498,0.007280439195179402,0.007289233944387853,0.006906149419179788,0.005737780994487873,0.000374289775999612,0.0023969518097722033,0.5834390965518251,0.09897587698494804,0.09200317222699865,0.012780626544487021,0.00040091763011332153,0.00035984545822737523,0.00020169199876285128,0.0003430058591579763,0.00019922563135047025,0.00032524155313093525
850,8.5,0.39750395866349153,0.12791013755951283,0.2929965579028205,0.19042241006372804,0.008035987323487221,0.0064377127945313365,0.006806395080729913,0.0066490163581514996,0.0012295922427573113,0.0012921772802995043,0.5826125925336298,0.10568091690637377,0.09183554740262978,0.013895708012702034,0.0,0.0,0.00026454604763071003,0.0005290920952614201,-0.00026454604763071003,0.0005290920952614201
860,8.6,0.388843208616641,0.13461137824902303,0.28826427195048737,0.18623784051409673,0.008937972191358263,0.0068687631877079325,0.007517139556004809,0.007412385151251002,0.0014208326353534547,0.0017106248935470011,0.5835233566191177,0.09456624502451018,0.09205458903348189,0.012268811191306628,0.0,0.0,0.0,0.0,0.0,0.0
870,8.700000000000001,0.3897767915688036,0.13585050655253922,0.29265095272858443,0.19517508360847124,0.00875569623651115,0.006770017851838829,0.007906161424678195,0.007148928115415403,0.000849534811832954,0.001923127851350251,0.5616478413274881,0.10226789445114275,0.08858764291676793,0.013771416418004168,5.6702540745645974e-05,0.00011340508149129195,0.0,0.0,5.6702540745645974e-05,0.00011340508149129195
880,8.8,0.4003439023583984,0.12743559690508288,0.30321561486342397,0.20099282065419516,0.010041267003505152,0.007848084686184136,0.008713917311784907,0.007228209677222701,0.0013273496917202469,0.0011570860580059617,0.573938306044887,0.09438088775765377,0.09056009657953241,0.012712555576352522,0.0,0.0,0.0,0.0,0.0,0.0
890,8.9,0.4294500291797794,0.1281522366104074,0.33138530145351003,0.22475057291225922,0.009905248726133251,0.00984111844252455,0.009283184804916519,0.009123746525248558,0.0006220639212167325,0.0020595034513722407,0.5499444767477267,0.08353610902884374,0.08677748536162297,0.010869757691090429,0.0003499848237044995,0.0006999696474089989,0.0,0.0,0.0003499848237044995,0.0006999696474089989
900,9.0,0.45877720301949204,0.13143229923244176,0.3657305847668774,0.2636022883483348,0.005319717282873994,0.0037300023962559834,0.005871907205715356,0.003971009886423667,-0.0005521899228413615,0.0014622180340605599,0.5669152132755847,0.11059787443601393,0.08898328309645456,0.013427121598635294,9.504433760655108e-05,0.00013175517781167354,0.00014993912898268041,0.0002998782579653609,-5.4894791376129334e-05,0.000368494405481887
910,9.1,0.4888962509267456,0.13014916944818028,0.3891451511658267,0.2787969521877394,0.006648389832731412,0.004680915225367957,0.006764109242518733,0.0052323257783749395,-0.00011571940978732063,0.0012463408178165264,0.5609195776568462,0.09159761341945889,0.08817970095699557,0.009356470439885585,0.00017959462013182915,0.00035918924026365825,0.0007273404263424193,0.0014546808526848388,-0.0005477458062105901,0.0010954916124211803
920,9.200000000000001,0.5426039793966881,0.16135390059822197,0.440006613319657,0.33125974935447305,0.006073604200755176,0.005661445201112073,0.007326155573234967,0.0066258899383949445,-0.0012525513724797916,0.0013378243386420983,0.5415425904093868,0.08806630487260933,0.08518471853359044,0.009152899039645767,0.0,0.0,2.80163143940991e-05,5.6032628788198194e-05,-2.80163143940991e-05,5.6032628788198194e-05
930,9.3,0.6061422411774853,0.22593371727156586,0.5087278032771213,0.41925985595895,0.006565114401191138,0.007572060469926504,0.007571449363108898,0.009373501391688752,-0.00100633496191776,0.0022436318634434247,0.58816337360501,0.10034991715298552,0.0927460105925555,0.013129761146135208,3.486350344393263e-05,4.63011736545304e-05,0.0,0.0,3.486350344393263e-05,4.63011736545304e-05
940,9.4,0.5994933331062315,0.1952005228277776,0.48968061082203096,0.3757282997361742,0.0018968770887763955,0.0014627210693185433,0.0031974060298771236,0.0015582765967594623,-0.0013005289411007277,0.0014375606833075976,0.5834803157943843,0.10843032545667065,0.0919311219268969,0.014107365635427725,0.0001833545535864692,0.0003310289701302749,0.0003826553643871765,0.0004426334727862755,-0.0001993008108007073,0.0006280733511921121
950,9.5,0.5540238997566933,0.1427738131229645,0.4377261087379489,0.29847149656686234,0.0029724390238196194,0.0023526471088785744,0.0029561162507774517,0.001932688054939561,1.6322773042167643e-05,0.0018295896942970642,0.617420719395444,0.09935513308344628,0.0976711728419586,0.014635802392334364,0.0004421754869664139,0.00041032007675179973,0.00014962196977171203,0.00025134740014702637,0.0002925535171947019,0.0003779542956724401
960,9.6,0.5350623996120779,0.09591209342038928,0.40753140131369586,0.2515923576915634,0.004398863969827195,0.0032564650849566104,0.004568681431505059,0.0034151421826324334,-0.00016981746167786318,0.0008223055839651483,0.6096642953083073,0.08238837339881531,0.09626719196490577,0.009708586961110302,0.0006852177430960282,0.0011457488899073854,0.00024015547682470703,0.000295479342711953,0.0004450622662713212,0.001314977622751599
970,9.700000000000001,0.47638004255506583,0.07525631513891445,0.35438815779954297,0.20910603385229126,0.005450127628896231,0.004005787216057062,0.004860993902749058,0.0050658053950641815,0.000589133726147174,0.001658565094727968,0.5819641712501183,0.08358587191111351,0.09189451020743193,0.010871762991720227,0.0008938997742007501,0.001089673005521533,5.226164376939332e-06,1.0452328753878666e-05,0.0008886736098238108,0.0010940017570605974
980,9.8,0.43420603778865574,0.08155336653320625,0.3145392224355293,0.1811754983734928,0.006743002163058795,0.0052889150753246,0.004748873111426329,0.004717204508550957,0.0019941290516324655,0.0012854724662710315,0.57471879269357,0.09102328711002049,0.09054510898277202,0.010938569361365611,0.0003615524168420474,0.0005047204340699571,4.648073181559194e-05,6.495993236146428e-05,0.0003150716850264555,0.0005409001305501788
990,9.9,0.40606399901006096,0.11512851001730763,0.2916505879129574,0.18356494039713844,0.007226622269898184,0.006043909464547044,0.005271550364418863,0.00523859862004984,0.0019550719054793214,0.0009045161763754014,0.5640371274177263,0.0924011082349776,0.08879465517682673,0.010580014998133928,0.00027703602096453906,0.0003440857202814396,0.00034132376824643276,0.0006051099478840328,-6.428774728189368e-05,0.0008207746275080892
1000,10.0,0.37730764577340636,0.1129124817219138,0.2737687381260856,0.17818757381879957,0.00881032235301021,0.007713563395833208,0.006667238562361004,0.007001751524230747,0.002143083790649207,0.000869385146376746,0.5915908924826606,0.08689015896389814,0.09321986056119975,0.009583287077288005,0.00012173676619243526,0.00018778694982096454,0.00016685368324136988,0.00024292877574166955,-4.511691704893461e-05,0.0003070549991679383
1010,10.1,0.3712627566317079,0.10978390365247778,0.2726275048732183,0.1721425611073133,0.00954934948517333,0.0067788279859348705,0.007157806271070039,0.006527995963069891,0.0023915432141032923,0.0014710124272026006,0.6152263020330242,0.10458541432638899,0.09688213273037084,0.012018907153384856,5.634123784735434e-05,6.950607164491463e-05,0.00021942660030699752,0.00043885320061399504,-0.00016308536245964318,0.00047132659403063734
1020,10.200000000000001,0.3993745426461728,0.11713618017892997,0.3020160306247197,0.19426329430327052,0.009219967336271579,0.00746716290911036,0.007899738168044403,0.007073747667064232,0.0013202291682271748,0.0010491045514421128,0.6225358870344174,0.12204242219617291,0.09786257168647346,0.014925038312036926,5.729512245107107e-05,0.00011459024490214214,0.00013810293364304206,0.0002762058672860841,-8.080781119197099e-05,0.000161615622383942
1030,10.3,0.4084348809249147,0.13161193034748384,0.3134426776227264,0.2104187401748732,0.008686955413739584,0.007202890558748357,0.008362493587594172,0.006822389837121524,0.0003244618261454096,0.0017716085542422199,0.6098138457494897,0.10410681144718367,0.09615560130221167,0.013581037914315836,0.00026324985740231626,0.0004656998835229632,0.00022775418244920173,0.00030257209802633323,3.549567495311455e-05,0.000263150844304689
1040,10.4,0.41746212581754366,0.1320114337142368,0.3218726254489378,0.21901183612230535,0.00984672728093953,0.008287471937222016,0.008604875317708472,0.007757993147082211,0.0012418519632310591,0.001653203208047961,0.6167177000062227,0.09546869160658827,0.09752470532481225,0.01383388096960149,0.0004537730619774957,0.0008393149928071924,0.0,0.0,0.0004537730619774957,0.0008393149928071924
1050,10.5,0.4330211278538633,0.1257498994874551,0.3390168676762374,0.23775552142236703,0.00948317312623817,0.009026385169990334,0.008726978928280896,0.008424965702150462,0.0007561941979572745,0.001496994067906466,0.6014572070874875,0.11899230176412423,0.09483256941156729,0.016761948391501667,0.0005422700740838133,0.0007708748304193493,0.00029336206890573716,0.0005041903542233237,0.0002489080051780761,0.0010144426614653475
1060,10.6,0.48932741251905953,0.16107639749682173,0.3939478232503909,0.3037082768068766,0.005635138302097645,0.003524879400542911,0.005360369764650345,0.004312504415896768,0.00027476853744729863,0.0019012681560109702,0.6039799333361661,0.10901848884985196,0.09539744987024273,0.015595781186226561,0.0002753194485554892,0.0004124816684957291,0.00030896011457676143,0.000617920229153523,-3.364066602127222e-05,0.000849759962097528
1070,10.700000000000001,0.5218177004584809,0.15940903297162007,0.41850105819646927,0.30880732516804743,0.005758456568593353,0.004741276359150364,0.005438347293472154,0.00566252341615412,0.00032010927512119883,0.0016723816420789134,0.6102257755115976,0.10369938994662734,0.09638112507569804,0.01398750195516727,0.000126491943458339,0.00025298388691667793,0.0,0.0,0.000126491943458339,0.00025298388691667793
1080,10.8,0.5814584554072633,0.19538167857856745,0.4734010891691396,0.3642383551898069,0.006018134321999759,0.0062715729793521935,0.006208525512183305,0.008247097966033224,-0.00019039119018354566,0.00226283152135351,0.5938992836965704,0.1008872039107483,0.09367173682055319,0.012805331301630845,0.00033839326915823773,0.000600929614415176,0.00024031309769432518,0.00023859894527764812,9.808017146391255e-05,0.0007620279047839584
1090,10.9,0.6156782767406644,0.2157002914088161,0.5071441718334221,0.4158346900761272,0.00367694980421644,0.0021900310020245635,0.004008739607596293,0.0038618813246049277,-0.00033178980337985264,0.0021445175482942844,0.6144698019559849,0.07649462063875272,0.09704952842518182,0.008803767695062917,0.00021289406969188379,0.00042578813938376757,0.0004209519370229866,0.0005859410154233103,-0.00020805786733110282,0.0008389629045614598
1100,11.0,0.5621849718042539,0.13884540200318957,0.4390160314618523,0.30850100375890643,0.0020621894198804332,0.0017972428342300467,0.0024482840582879446,0.0017496347623534116,-0.00038609463840751123,0.0016655861397403477,0.6294056253894705,0.12317525443019796,0.09908004563205544,0.01594446096981255,2.148055562549017e-05,3.0023243618998906e-05,0.00032448298181350817,0.0006489659636270163,-0.000303002426188018,0.0006215336265707573
1110,11.1,0.5250524858968866,0.10860438835320863,0.40256015425091435,0.2614220814628582,0.00336576476657201,0.002855111697890544,0.0035242808658420928,0.0032919876618919992,-0.00015851609927008205,0.0014511370498455248,0.6140427961444587,0.13750490930025713,0.09633571677746884,0.016923150165135504,0.00029930985274198053,0.0005986197054839611,0.00020457628131049892,0.0004091525626209979,9.473357143148162e-05,0.0008051178575588351
1120,11.200000000000001,0.5040933406674367,0.11370070759170083,0.3893637785025433,0.2523077136343385,0.00398543725971151,0.0038339860412132335,0.003783546105451123,0.0042699535864606794,0.00020189115426038734,0.0009358399343355637,0.5830073832799998,0.11915033374113587,0.09174039648496715,0.016287858620285374,0.0,0.0,1.3946594847125126e-05,2.7893189694250253e-05,-1.3946594847125126e-05,2.7893189694250253e-05
1130,11.3,0.4761033949853554,0.09731577720100486,0.36255649175571114,0.2261808318186399,0.005457837546714692,0.004758761672675236,0.004460670230972802,0.004985504589545416,0.0009971673157418883,0.0021093001642368925,0.558623745817642,0.10491811861992709,0.08822862718828953,0.01553865154588544,8.635592309248381e-05,0.00017271184618496762,0.00034827711782263427,0.0006965542356452687,-0.00026192119473015044,0.0007583988192310895
1140,11.4,0.4303491555753272,0.07456968647773224,0.31685303388920316,0.1871819617306406,0.006466271862697309,0.005435437113814608,0.004796177684815983,0.004570737953010603,0.0016700941778813253,0.0012675987782911203,0.568096870876903,0.11278881083110585,0.08958465455290307,0.016185405664837404,0.0,0.0,0.0002485465505036082,0.0004970931010072163,-0.0002485465505036082,0.0004970931010072163
1150,11.5,0.3957781038560853,0.09461596397681349,0.28826701463957605,0.1800083358632796,0.0066575709084049795,0.0060354380233090575,0.006097589957088425,0.0046998726551151305,0.0005599809513165549,0.0022577465944722827,0.587778114856599,0.09683082588493344,0.0927481250608301,0.012855567027008161,0.0,0.0,0.0001471622242824974,0.0002943244485649948,-0.0001471622242824974,0.0002943244485649948
1160,11.6,0.36490761680080475,0.1148314321070308,0.2668598511726041,0.17910212691502017,0.008275760223114935,0.007373495198739111,0.00727615782326736,0.0061364799012430605,0.000999602399847575,0.0014763202836077986,0.5968944105921496,0.09341934691369942,0.09427475109645768,0.012575274711340524,6.616203281973424e-05,0.00013232406563946849,0.0004031448735840784,0.0008062897471681568,-0.00033698284076434415,0.0008490928002581364
1170,11.700000000000001,0.3496042505804479,0.11099614383760283,0.2587370506579413,0.1715285795242359,0.00987492058851765,0.009003121907326717,0.008500839680789143,0.008013702236544405,0.0013740809077285067,0.001488441081488851,0.616261594996339,0.10309869529323784,0.09713979960216548,0.012883060086467783,0.0,0.0,0.00026494566974853104,0.0004324558512302222,-0.00026494566974853104,0.0004324558512302222
1180,11.8,0.3752638141964354,0.13207121073636227,0.28372540938457563,0.19307383509257628,0.00974364049561385,0.007678669061079216,0.007694341149387249,0.007468543787973567,0.0020492993462266013,0.001390876701392406,0.5866489831505864,0.1108025103737684,0.0926258425645595,0.015442179135326077,0.0,0.0,0.0004175311184767331,0.0005202317427826207,-0.0004175311184767331,0.0005202317427826207
1190,11.9,0.4214008211675798,0.15707496993758838,0.32510857934338505,0.22764470337652112,0.01046091096360651,0.007855250335035112,0.009599313824673836,0.008675345267311842,0.0008615971389326734,0.002393903614206869,0.5943265022835775,0.09706288239189453,0.09389480750054187,0.01358067750361577,8.134779889594108e-05,0.00016269559779188213,0.0005932278778808239,0.001186455755761648,-0.0005118800789848828,0.0012371995320640203
1200,12.0,0.45926682757801107,0.1683584112661353,0.3583377528249396,0.2553316179517223,0.00983767450184431,0.008233253328400941,0.008825323716491446,0.0076520776288843155,0.0010123507853528632,0.001596496320800157,0.5764227168619133,0.0808946042772047,0.09085761201644271,0.008409648080859245,0.0,0.0,0.0002526206974942786,0.0005052413949885573,-0.0002526206974942786,0.0005052413949885573
1210,12.1,0.47465623668615564,0.15073276636216063,0.3699064623057685,0.259786233131344,0.0058933410269386075,0.004071286950864727,0.005687619910131272,0.004501003609915029,0.00020572111680733674,0.0010495099481135314,0.6025547683062806,0.1125144647341434,0.09471110052302312,0.012823706904691546,6.978318774861076e-05,0.00013956637549722152,0.0002837238324817224,0.0005674476649634448,-0.00021394064473311165,0.0006173118600703798
1220,12.200000000000001,0.5032155241156013,0.1564960355989998,0.39909943159034517,0.2904166734377166,0.004917332952453773,0.004126814440467288,0.005202689370236458,0.004933137486673389,-0.0002853564177826855,0.001014086019202642,0.6046023612754012,0.11308276050394352,0.09501199749683609,0.013100364835684353,2.2302182494871036e-05,4.460436498974207e-05,0.00021653502514830668,0.00043307005029661336,-0.00019423284265343566,0.0004463156115741723
1230,12.3,0.5311547042764293,0.17402096508652165,0.43153488420482694,0.328161073802788,0.004440050592291205,0.0056252621931319104,0.005377196099245828,0.006803340635869173,-0.000937145506954623,0.0014202971383680527,0.5970806044397706,0.115479094735741,0.09370929218514942,0.013518641084908453,0.00010460733599473824,0.00020921467198947645,0.0,0.0,0.00010460733599473824,0.00020921467198947645
1240,12.4,0.5708427412534292,0.21276509481989145,0.47619584256836645,0.3958934751839722,0.005910511541191238,0.00697983836430272,0.006681717690045164,0.008844286473671135,-0.0007712061488539271,0.0023465448083672845,0.608497293932691,0.1113314476554969,0.09576864164401308,0.013865113613711367,0.0001224422016799162,0.0001828353628749368,7.280999329396139e-05,9.763808434253488e-05,4.963220838595482e-05,0.00012085187155122336
1250,12.5,0.5668660170237776,0.19606646760309684,0.46592447474216003,0.37641356055183706,0.0024337695276172603,0.0023452582284018415,0.0025459747761152926,0.002014185326792547,-0.00011220524849803182,0.0028853171848554253,0.6086898982132061,0.09022173730522216,0.09593653843253824,0.010154172332839217,0.00017316100623329528,0.00034632201246659057,0.00014383669031740458,0.0002415426821442318,2.9324315915890686e-05,0.00047759356745416493
1260,12.6,0.532184175962461,0.13447170686820603,0.41656912421248177,0.28947902195792263,0.002104578228397174,0.001770441051451745,0.0023562560300250637,0.002159831274015394,-0.00025167780162788957,0.002011661114220847,0.5870171665388121,0.09090991388283805,0.09252911699897659,0.010833619317755333,0.0,0.0,2.4919158160230728e-05,4.9838316320461455e-05,-2.4919158160230728e-05,4.9838316320461455e-05
1270,12.700000000000001,0.5107538380009761,0.10842795937842356,0.3915921992027044,0.25642422234976286,0.0032423938790107675,0.0028378871179147846,0.0038924688198301626,0.0030828221749994193,-0.000650074940819396,0.00139278402686828,0.5950118000881571,0.10785337659114401,0.09373010647732505,0.014148679640681925,3.4368367483235404e-05,6.873673496647081e-05,0.0,0.0,3.4368367483235404e-05,6.873673496647081e-05
1280,12.8,0.47266663268003956,0.08618981226246338,0.35649680475672907,0.21876355934607683,0.00558103061345393,0.0046680712413492325,0.00537037649317057,0.005071853063552676,0.00021065412028335937,0.0019862750794119735,0.6031918884173958,0.10702318723738813,0.09494205622580218,0.01283601190192016,0.00012947896879001372,0.0001588892782599137,0.0,0.0,0.00012947896879001372,0.0001588892782599137
1290,12.9,0.450451270998964,0.0790383003183521,0.3398212038155231,0.21082860134601394,0.005842122053158842,0.0055258637571360455,0.005777925041926082,0.005046470666489473,6.419701123275937e-05,0.0015585738013502053,0.6066486105921642,0.12471370014843765,0.09548600308442565,0.01712896961754074,2.5103524471661518e-05,5.020704894332303e-05,8.201410898251577e-05,0.0001453546226699076,-5.691058451085425e-05,0.00016066311794235498
1300,13.0,0.43110280829232195,0.08983325975585187,0.3230728898551115,0.2025462584102678,0.006249801116079617,0.005881469967260578,0.005526351316699747,0.0050218394339108735,0.0007234497993798695,0.0014688412402234952,0.6069632807842503,0.13550134361951616,0.09524072736722057,0.017873525368398424,0.00022966685752527188,0.0004593337150505438,0.0,0.0,0.00022966685752527188,0.0004593337150505438
1310,13.1,0.38636288482895365,0.09499251716869792,0.2823340091441002,0.17246644320149213,0.007919909436142096,0.005801632977797775,0.005553437249993276,0.005672111173014992,0.002366472186148821,0.0009294227792634985,0.6188749992341942,0.125327420824788,0.09733241549690841,0.01621210062712517,0.000417712320654974,0.0005558888871538869,7.585734468803056e-05,0.00015171468937606112,0.0003418549759669435,0.0004218734447430219
1320,13.200000000000001,0.3654688041902622,0.10846890785527082,0.26629601274470904,0.17062247212810838,0.00857865242343624,0.006548693612260643,0.006140680305278508,0.00644703542032248,0.002437972118157732,0.0012716596215245424,0.6003408085375703,0.10670554875512145,0.09474536466335995,0.014342614725762846,0.0002279378032312547,0.00045587560646250945,5.658212551797569e-05,0.00011316425103595137,0.000171355677713279,0.0004964102406936561
1330,13.3,0.3576637029168108,0.10995969187331231,0.263776869044125,0.17247374025306647,0.008081433849199605,0.0075880345309988564,0.007345013563651662,0.00675336905473952,0.000736420285547943,0.0013511536344272912,0.5870069974027501,0.11345480394291514,0.09246166379123537,0.01552852122383995,0.00028432808376051,0.0005686561675210201,3.857785261187456e-05,7.715570522374912e-05,0.0002457502311486354,0.0005926722311073193
1340,13.4,0.3640828395503435,0.11731632764367537,0.2787711600926116,0.1978366710138553,0.010211149305419859,0.007728917295206903,0.008129712912658363,0.007784035302464901,0.0020814363927614964,0.0012533323692385115,0.5685805346486428,0.1070371007943279,0.08928445288819056,0.01244754211336835,0.0008097637468944631,0.0012775865855887208,0.0,0.0,0.0008097637468944631,0.0012775865855887208
1350,13.5,0.3928289974369954,0.11910378376683467,0.30967684007345075,0.22094358161003314,0.010653670767001123,0.009389198189582264,0.009797139516118136,0.00838490320435396,0.0008565312508829876,0.0013581906090948217,0.5916464214259799,0.12006862689889661,0.0929450507085903,0.01588092974325379,0.0003313618054048634,0.0006627236108097268,9.677458671665424e-05,0.00019354917343330849,0.0002345872186882092,0.0004691744373764184
1360,13.6,0.4436200208892062,0.14687724746630038,0.35477147979141965,0.2588192260649866,0.012393518988891341,0.011696634962882665,0.011691448155814708,0.010600686813660712,0.0007020708330766326,0.0015414191324626633,0.5873170426834754,0.13264914555981783,0.09195547294757997,0.01672516687346105,0.00022335188856227906,0.0004467037771245581,0.00015847433647922965,0.00031694867295845925,6.487755208304941e-05,0.0006089267693820458
1370,13.700000000000001,0.5086400629163055,0.18733285608978154,0.41457574555472954,0.3151447608986752,0.006370641517423226,0.004715016890322642,0.006095328002757508,0.005402370238298628,0.0002753135146657187,0.0011949088348910887,0.5929781177610893,0.12414319631197376,0.09310356564557179,0.015602274207865922,0.00023424608086957467,0.00029351236993223475,2.4964963760245804e-05,4.9929927520491614e-05,0.00020928111710932887,0.0003167623696167454
1380,13.8,0.5295594244993251,0.19302074175274306,0.4295772555532326,0.3231936023689981,0.006680195783826029,0.004480025563618331,0.006050484093759858,0.006008666266846208,0.0006297116900661727,0.002745342038380378,0.6118438273886929,0.11914887234033092,0.0961800929319684,0.014643999549324039,0.0003889443526845261,0.0004938471830187888,0.0004005878560170758,0.0008011757120341515,-1.1643503332549668e-05,0.0010942487516249267
1390,13.9,0.5578134342945674,0.19809126819583728,0.4533739247479329,0.35093805605948847,0.005638275329886899,0.006426311625830924,0.006087073615877044,0.007554100267102864,-0.00044879828599014604,0.0018434640702605497,0.6034291588757175,0.10595973723774975,0.09497131800945031,0.012242851583671574,7.776000154463974e-05,0.00015552000308927949,0.0002906972186126334,0.00047354283435833923,-0.00021293721706799364,0.0003222410533708266
1400,14.0,0.5867031251073416,0.2303931446371275,0.48924155293276145,0.4175258100400921,0.004096200253333218,0.0033334973533547837,0.004184041749593882,0.004970102530031069,-8.784149626066516e-05,0.002941941276509,0.6119705942667479,0.11249684687815782,0.09635976157351235,0.0141795077824019,0.0003211741735711992,0.00034898211707177536,0.0,0.0,0.0003211741735711992,0.00034898211707177536
1410,14.1,0.5600198269683963,0.15455325930379926,0.4388293278363401,0.3205496349372242,0.0015752444238530667,0.0013300003200699343,0.002416886720118986,0.0013728502147826594,-0.0008416422962659195,0.001658792894641455,0.6253383602461573,0.09908238295417633,0.09857194487065649,0.010606901971881568,0.00042003338207199996,0.0006200277565066644,5.7157159736248576e-05,0.00011431431947249715,0.00036287622233575136,0.0006556016506869176
1420,14.200000000000001,0.5268925624526919,0.12442904301133813,0.398345214615326,0.2626636746327477,0.0022869319391422343,0.0020879150691857926,0.0029711904043650044,0.002913365913174416,-0.0006842584652227704,0.0014230882826490937,0.6147716087332309,0.09661418875809431,0.09689120773201795,0.01078583059152488,0.00020922920730228855,0.0004184584146045771,0.0005278080331672343,0.000731512716014093,-0.0003185788258649458,0.0009649269460526077
1430,14.3,0.5054857873108689,0.13729622952771847,0.3894192899193678,0.2726111154806019,0.004872927145179219,0.0042882263518915775,0.0049354324404322384,0.005561908193929529,-6.250529525301946e-05,0.002032780471473099,0.5990143199947422,0.09185816648530648,0.0944459773753644,0.01062033360413361,0.0003810769872882147,0.0007621539745764294,0.0005172089057344589,0.0004792040347916964,-0.00013613191844624416,0.0008737829865995835
1440,14.4,0.47022824965402454,0.11278072051167856,0.348889616593577,0.21794351610146587,0.0064175487711464725,0.005699717453931174,0.00543641172239603,0.00619988784718987,0.0009811370487504416,0.0017816438889005865,0.5997834777488584,0.10591317062776145,0.09463404995853472,0.013997174804320523,0.0007101949638143662,0.001360171536958685,0.0,0.0,0.0007101949638143662,0.001360171536958685
1450,14.5,0.4402306071122566,0.09970796760069178,0.3214198447084365,0.1914252377021336,0.005889443329590373,0.006226729394253721,0.0051921581882193426,0.006579790557471315,0.0006972851413710304,0.001952101211937005,0.589395399538015,0.11210785929152026,0.09311240066715422,0.01655272381098809,0.0005315570112909569,0.0007278596778272536,0.00011448495112178388,0.00022896990224356774,0.000417072060169173,0.00083899790443862
1460,14.6,0.41162624342943605,0.09514921663020416,0.30251657137403093,0.1829911298568388,0.006726856391427678,0.005035422334114205,0.004796384624294459,0.005978669579470291,0.0019304717671332205,0.0017605057147810528,0.5828781493982439,0.12088514377411592,0.09153103316882436,0.015815626123964782,0.00041162429326908266,0.0004975222688559835,0.0002753038053499756,0.0005506076106999512,0.00013632048791910705,0.0008747156103211603
1470,14.700000000000001,0.3855071469565389,0.10352634217373435,0.2813453837021064,0.17017532069884309,0.006993849986948955,0.006270981381518602,0.005349065609357125,0.006291680345484641,0.0016447843775918326,0.0011405285863581869,0.6007806110162975,0.10273730243968125,0.09474882065386166,0.013880896321561462,0.0009237627097382472,0.0009401570162205618,0.0004864032464487383,0.0005402780640854173,0.0004373594632895089,0.0009389582630097319
1480,14.8,0.37010532091149223,0.11652114679232996,0.2740912530926425,0.1794166865951365,0.007102964559695324,0.006352415751677635,0.006375607480884704,0.0062198602093400095,0.0007273570788106191,0.0013856518359993148,0.6219911854901274,0.12155665824010009,0.09783381304267295,0.015750866215149976,0.0004481909988464497,0.0008963819976928993,5.6370290758241123e-05,0.00011274058151648226,0.0003918207080882086,0.0009309889571573819
1490,14.9,0.355851197356284,0.13088345697577214,0.26654485851504006,0.1858301872334248,0.007719703116435775,0.006940322576110801,0.006444436398627455,0.006333078209804957,0.001275266717808318,0.0012856331888212466,0.5965561514597787,0.11055049451370608,0.09394078319316786,0.013760907384851254,6.601537780649493e-05,0.00013203075561298987,0.0,0.0,6.601537780649493e-05,0.00013203075561298987
1500,15.0,0.37353732299942155,0.14888904510468234,0.28798027493209644,0.2177941932113424,0.00958908606904415,0.00756108064118373,0.007937931982416008,0.00802092084422377,0.0016511540866281423,0.002146559074623855,0.5753361651343087,0.10501081207729272,0.09042205125572708,0.010911610161335893,0.0,0.0,6.114403214108506e-05,0.0001222880642821701,-6.114403214108506e-05,0.0001222880642821701
1510,15.1,0.3941521109577836,0.14575363555277082,0.30879573446352165,0.23107566004723015,0.010251447059285554,0.008891089062798117,0.008304785516658633,0.008416810415695301,0.00194666154262692,0.0012757628842598905,0.5862581350587707,0.10841331545657093,0.09210277376106542,0.011629600796321627,0.0,0.0,0.00036399830813291825,0.00040765803679257716,-0.00036399830813291825,0.00040765803679257716
1520,15.200000000000001,0.44155518334565375,0.17146218727143867,0.3489222949317837,0.2602649952706346,0.008407989888763978,0.006476035805697493,0.0074259286388889375,0.00648529340271049,0.0009820612498750406,0.001929459933320524,0.5874757783488548,0.08821996356363025,0.09285935561976139,0.011880582178264779,0.0,0.0,0.00043488551963128676,0.0006799369712684206,-0.00043488551963128676,0.0006799369712684206
1530,15.3,0.505819702340762,0.2087000997272422,0.4111946244725262,0.3192615773415028,0.00671030397243976,0.005156481555973962,0.006628251411644076,0.005773046304949275,8.205256079568367e-05,0.0010633443756437953,0.592221458182142,0.07769209589343394,0.09362830197050373,0.010364718092520719,0.00017733343264919737,0.00035466686529839474,0.00024305314271975514,0.0002977966307041574,-6.571971007055776e-05,0.000299797497586735
1540,15.4,0.5577806218106928,0.234243222814536,0.4615649923986556,0.3612257354433667,0.005926687845409468,0.005458146625294992,0.006405364692242686,0.006143906862692636,-0.0004786768468332197,0.0012387526301101675,0.6080242917878461,0.10620528403511172,0.09618886043071354,0.016003331542726904,0.0,0.0,0.0003380853613174428,0.0006761707226348856,-0.0003380853613174428,0.0006761707226348856
1550,15.5,0.5906169531761186,0.23084626400473554,0.4957648637650401,0.4017655992974539,0.006685908851607973,0.0075289049175994716,0.006624724559471449,0.009342253131267105,6.118429213652588e-05,0.0018930874395994654,0.5988560702895952,0.08699105517117485,0.09480380468906827,0.013090466277112139,0.0,0.0,0.0003274482344474593,0.0005500305600856969,-0.0003274482344474593,0.0005500305600856969
1560,15.6,0.5793269033021192,0.2204478246935119,0.4806988448740218,0.39745359396756225,0.0017900760521975842,0.0006193883235861789,0.002058427428348196,0.0022507295944480185,-0.0002683513761506118,0.0020251813841324364,0.6226865050127122,0.09419650468437817,0.09828973879607597,0.011975214433721963,7.799398313624444e-07,1.559879662724889e-06,0.0,0.0,7.799398313624444e-07,1.559879662724889e-06
1570,15.700000000000001,0.5251957331572136,0.16277405605253178,0.413986928442082,0.30869357237484135,0.0019215365462024454,0.0015419514371405,0.002248661045108559,0.0019364345839100606,-0.0003271244989061132,0.0012577013946160388,0.6083708017873509,0.10938926549888323,0.09578330342866485,0.013988338564306042,0.0,0.0,6.78641997932522e-06,1.3572839958650438e-05,-6.78641997932522e-06,1.3572839958650438e-05
1580,15.8,0.47852742542954585,0.1375260477975969,0.36593033221098537,0.26193126647507997,0.0031970887511209812,0.002772467110608244,0.0032756152650423266,0.00322525758800454,-7.852651392134622e-05,0.0011798667421940574,0.6095471658222976,0.07991813235798723,0.0961761661824844,0.008851038878202681,0.00010690200369020339,0.00014645068114474015,8.809824517113998e-05,0.00017619649034227995,1.8803758519063406e-05,0.00026707445231146087
1590,15.9,0.4553380100785304,0.11379423091453639,0.34132992547563584,0.22747216036983253,0.004947602968460098,0.004930672894068778,0.005312889169716399,0.006431923205347313,-0.00036528620125630094,0.0019179624366172999,0.6216594128494195,0.08850761410719864,0.09839589836122917,0.012624467580812865,3.8248145025664496e-05,7.649629005132899e-05,0.0007416261746918468,0.0006967451295534524,-0.0007033780296661823,0.0006913724022851366
1600,16.0,0.4384223125270763,0.10227009744810094,0.326365251417055,0.20756303827379316,0.005455896330912047,0.006705720473049025,0.005527771745706131,0.006267416249199256,-7.187541479408456e-05,0.0015787170252268739,0.6244178194591226,0.10405585733264197,0.09845920207708514,0.013145471315251511,0.0002484217620120039,0.0003047356596718582,0.00019030783754781893,0.00029455423525848737,5.811392446418498e-05,0.0005236212719523546
1610,16.1,0.4217543481809045,0.10004917650151428,0.30950167023003866,0.18708572495805753,0.005966053609710589,0.006367936408669071,0.005123768056089862,0.0063561311440427076,0.000842285553620728,0.001564960750586713,0.6315036202457645,0.11806064023689594,0.09947543291313525,0.015462975318607566,6.820238180419783e-05,0.00013640476360839566,0.0002949398433644671,0.00030196994773134227,-0.0002267374615602693,0.00035431980353664854
1620,16.2,0.41323624390145286,0.12000702917121023,0.3010365490670982,0.1826453878223216,0.006285082515779247,0.006356845217604606,0.006033278989113894,0.006204525181801941,0.00025180352666535335,0.0018456591720372691,0.6361524365835505,0.11957842942754031,0.1002212027964978,0.01636305850349582,0.00018908662529144998,0.00025100163925435365,0.0002341232382740026,0.000288010191798472,-4.5036612982552596e-05,0.00027801635283433447
1630,16.3,0.3937979782421047,0.130290753809087,0.2868253185613669,0.17705542552805553,0.006701690601573204,0.0057614163833486125,0.005806539044595997,0.0062194285825454484,0.000895151556977206,0.0016055430691933176,0.6561684811917907,0.1164401111569546,0.10328271667136743,0.014346881329398617,0.0,0.0,0.0,0.0,0.0,0.0
1640,16.4,0.38208638449906634,0.14001550027341006,0.2848039342181309,0.196003784408179,0.006935306743273169,0.0059062620950792715,0.005886634704079326,0.006479049603027838,0.0010486720391938435,0.0018068955432296396,0.6144356349351064,0.09634304692761106,0.09713346617514242,0.013585941079037987,6.380233045197788e-05,7.841668765427834e-05,4.6602320361762914e-05,9.320464072352581e-05,1.7200010090214977e-05,0.00014416294684200392
1650,16.5,0.3751315369535048,0.13269334605083274,0.2825108968797276,0.19824845575629796,0.007736474636798429,0.006564795620511886,0.006807188336893316,0.0066664766262175944,0.0009292862999051126,0.0017499970260708038,0.6299509235032874,0.13054581487036165,0.09927672436198307,0.017736770359844778,0.0,0.0,0.0,0.0,0.0,0.0
1660,16.6,0.38612091198883636,0.13767781278768718,0.29354595550628754,0.20723472501164467,0.009264986701081094,0.008881243428462705,0.008066217741727125,0.008439689288823382,0.001198768959353967,0.0016953144845778254,0.63036512754938,0.11819267675604422,0.09949834476430339,0.016897733845238374,0.0,0.0,0.0003400919937623259,0.0006801839875246518,-0.0003400919937623259,0.0006801839875246518
1670,16.7,0.41704776443176017,0.14679434182371773,0.3279508736016202,0.23926396924075735,0.010669794648963851,0.011311375858319447,0.009396956371170672,0.010212690689379708,0.0012728382777931757,0.0014925375707052562,0.6244704440828535,0.11814829941369354,0.09861902601064584,0.016990699727042983,0.00018117891689189357,0.00036235783378378713,0.00032777669296105985,0.0006555533859221197,-0.00014659777606916628,0.0008245155510508079
1680,16.8,0.46473508789260887,0.1843857326679613,0.3772784621217266,0.2905398641070948,0.006371321279795607,0.005767827535850475,0.005848266367820951,0.00579922166655505,0.0005230549119746547,0.0013685884571042071,0.6407395429347742,0.10697317647418696,0.10096210573018613,0.012395745685710858,0.00031070096345777907,0.0003808431542130911,0.0,0.0,0.00031070096345777907,0.0003808431542130911
1690,16.9,0.5167046705017451,0.23382236527040096,0.4277761028959001,0.34412430825756657,0.006245606395217121,0.005449675378148858,0.0067906645796006245,0.005558066000093533,-0.000545058184383504,0.0013533219679488153,0.6679636060900339,0.10821245055530818,0.10540804188173528,0.014126710636781002,0.00016776969383025775,0.00033318210918566003,0.0,0.0,0.00016776969383025775,0.00033318210918566003
1700,17.0,0.5732992997582962,0.280708482697342,0.4826257251243725,0.40299737827372945,0.005887744897595451,0.006139565723575379,0.005924343586205845,0.007618789952303372,-3.659868861039424e-05,0.0017556068145156605,0.6550834555921685,0.0911763387665846,0.10334708570500409,0.010636935008663858,0.00014771504641456038,0.000233900280681313,0.0002864320017051711,0.0005728640034103422,-0.00013871695529061069,0.0006837420131592845
1710,17.1,0.5981082530691456,0.2794364897744398,0.5127746484719354,0.45331497320868475,0.00459204859850716,0.004734836596024258,0.005747079359780295,0.006740383792017123,-0.001155030761273134,0.002340437821851583,0.599615010546173,0.08921825142391268,0.09453575853550711,0.01005441216776438,1.678689502661694e-05,3.357379005323388e-05,0.0001936259742985155,0.000387251948597031,-0.0001768390792718986,0.00039697862521889947
1720,17.2,0.5639688950304489,0.19637731469012654,0.453473200114704,0.35578969537130095,0.0019615370142283474,0.001158093465025432,0.002414050383366217,0.001783270845278696,-0.00045251336913786956,0.0019074687517889118,0.5980740159998019,0.11661155761487624,0.09419799869574416,0.015398054369763624,0.0001435322872465873,0.00018021741026026027,0.00044815578931745005,0.0008963115786349,-0.0003046235020708627,0.0009820908369000132
1730,17.3,0.5234939160427053,0.15306664214059615,0.39962435358448534,0.2839870811954457,0.00244038260783521,0.0026707573231251986,0.0028174246270061174,0.002703279900060886,-0.00037704201917090706,0.0015445449947065369,0.6028314343497041,0.10538522253425325,0.09512202933802225,0.013996614793566418,1.9626200594627038e-05,3.9252401189254076e-05,0.0003839376877225988,0.0004998039783038622,-0.0003643114871279718,0.000489133696784345
1740,17.400000000000002,0.4968996534169342,0.16102638599684138,0.3767903969402865,0.27789825675083446,0.003847819454911377,0.004323113087921736,0.004521600445550103,0.004998186650829065,-0.0006737809906387262,0.00069878798387488,0.6202690639964024,0.10445677730384521,0.09765967363071512,0.012673470290215576,0.00020570828779849676,0.00032691474399557113,6.55011069315807e-05,0.0001310022138631614,0.00014020718086691606,0.00035603852649781993
1750,17.5,0.4568173993619606,0.12385949695125162,0.33070079710959366,0.20374885945564697,0.004353842313056913,0.004509172579583972,0.0035463294834409556,0.004264767665432267,0.0008075128296159579,0.0008480868812439308,0.6458787050348699,0.09777035572170464,0.10180650951447315,0.011750471142198658,0.0,0.0,0.0,0.0,0.0,0.0
1760,17.6,0.4229401915236334,0.0991170163748421,0.3074400858483285,0.1824840551618318,0.006250934914594672,0.004930531847782606,0.00473324882478369,0.005654600836262978,0.0015176860898109816,0.00220974774708591,0.6373457007169917,0.11324357720427676,0.10046477993397196,0.01558351882008296,0.00046528455919925027,0.0009305691183985004,0.0,0.0,0.00046528455919925027,0.0009305691183985004
1770,17.7,0.4077582515451965,0.0870627451746236,0.3006870249851818,0.17910262843129074,0.0072859630434661,0.006472796615104822,0.005938847675937689,0.007336298908127255,0.0013471153675284106,0.0019947581129033326,0.619056492208039,0.09797346449976368,0.0976258928632445,0.012549209874164859,0.00013154961509987475,0.0002630992301997495,1.510709443371984e-05,3.021418886743968e-05,0.00011644252066615492,0.0002722292545937793
1780,17.8,0.40086957877230633,0.09486499366231829,0.29739303414334134,0.1832285526318102,0.0073547589750076635,0.007740586700679353,0.006823084630779729,0.007682329952180618,0.0005316743442279351,0.0019418632216175982,0.6336419109998099,0.09714184061252588,0.0998191181731647,0.010867722303367461,0.0,0.0,0.0003867013167688432,0.0007734026335376865,-0.0003867013167688432,0.0007734026335376865
1790,17.900000000000002,0.38945786226219703,0.11189138608902224,0.28796098526253716,0.18015030261750925,0.007245289652230169,0.00667778471499015,0.0063157012160913965,0.006337398981252167,0.000929588436138773,0.001035130991397933,0.6160238566514892,0.10374780008214608,0.09722063135494048,0.013915962078017268,9.551165005861998e-05,0.00019102330011723997,0.00020732323642701534,0.00041464647285403063,-0.00011181158636839536,0.0004980212520076275
1800,18.0,0.3919449466119678,0.12370664327752455,0.2954288462841862,0.1984122069858955,0.006545309732786173,0.006109507503282676,0.006227990508312828,0.005398912351610744,0.0003173192244733461,0.0016118716959659723,0.6157756524392602,0.10367637561398972,0.09749012605417,0.01563979298262184,0.00031125337241517357,0.0006225067448303471,0.0006492253703105928,0.0007976980225499905,-0.0003379719978954192,0.0011949828260158237
1810,18.1,0.374970954753005,0.1258618801917016,0.28498824284722035,0.20153350142994547,0.0074205428630540774,0.006944379285948952,0.007400568659253824,0.0066037522082839995,1.9974203800254137e-05,0.0023740149397057436,0.6175732827080808,0.09929804636172788,0.09763420029588578,0.01307002674515815,0.0,0.0,0.0007789789271169127,0.0009989596384169074,-0.0007789789271169127,0.0009989596384169074
1820,18.2,0.38337068461746526,0.1243411442121058,0.2948341362724622,0.20806797175792427,0.009701436703519797,0.009033799889300802,0.008681726483972002,0.008437523812077869,0.0010197102195477956,0.0020164934367356397,0.637128187146186,0.09693039597432963,0.10086639427980212,0.014267801127223692,0.0,0.0,0.0005424875375447932,0.0005834598833096912,-0.0005424875375447932,0.0005834598833096912
1830,18.3,0.4381975085323192,0.15873575581219654,0.3389498815823981,0.24255500428142807,0.007712949523316086,0.006777900687911253,0.006973744111925567,0.006768376886242111,0.000739205411390521,0.0008669318180002604,0.6198171726524577,0.0887567693295981,0.09785810803988185,0.011198310928502405,0.00015478568872885796,0.00023183830615095593,6.808024776442344e-05,0.0001361604955288469,8.670544096443453e-05,0.00030555584893714703
1840,18.400000000000002,0.4837166985973183,0.19595900363193478,0.38582953057119773,0.2949295225492892,0.006455187025674876,0.005574600995617995,0.006472260675509355,0.005731799747871776,-1.7073649834478678e-05,0.0008660299735113067,0.6382228119021833,0.11302589507953005,0.10062874917201459,0.014609780761166003,0.00019429279080445012,0.00038858558160890025,0.0,0.0,0.00019429279080445012,0.00038858558160890025
1850,18.5,0.5370231622313295,0.23078931452021964,0.43844423004653155,0.34795488650122847,0.00688703623939903,0.005549621940786239,0.006577182903146228,0.0068036578379834746,0.0003098533362528022,0.0017582463614586237,0.6141196115057461,0.1171330273975069,0.09695220063790375,0.016784695515995752,0.0003988757174404254,0.0007355738414586292,0.0005082957715508863,0.0005714729669942649,-0.00010942005411046091,0.0006480203408425539
1860,18.6,0.5820273398703945,0.26267004433638685,0.49237367570722546,0.4155216918726922,0.006247585939274566,0.007352493613266198,0.006516691169689949,0.008812328877184066,-0.0002691052304153816,0.002189196751942455,0.599939351643015,0.10136522967544133,0.09485105626939856,0.014865521909613587,0.00016864014469853626,0.0003372802893970725,0.0003237086175403754,0.0004624496377285442,-0.00015506847284183916,0.0006609071018345761
1870,18.7,0.5893723459113533,0.2560163765161876,0.5004293982873469,0.43539680959175797,0.0016542874398029184,0.0009615239041497757,0.002527819032992827,0.002220424243695052,-0.000873531593189909,0.0018321848996656483,0.6280508772297188,0.09077378121218854,0.09926852071960554,0.012468527818732533,0.0,0.0,0.0006436907293592385,0.001248446744473751,-0.0006436907293592385,0.001248446744473751
1880,18.8,0.5213996314103271,0.167499050429914,0.41912998558716746,0.3257739271754336,0.0022792163694192935,0.00229665909489066,0.0025875495555891855,0.002137362324844884,-0.00030833318616989194,0.0017232965661079544,0.6190364048254644,0.11125954381276608,0.09773869900057974,0.015865175079795662,5.475569157654889e-05,0.00010951138315309777,1.0706837618847457e-05,2.1413675237694914e-05,4.404885395770143e-05,0.00011672107403603541
1890,18.900000000000002,0.4780553705146164,0.13684026956270942,0.36488890649784006,0.25913464703834466,0.0032518188777878173,0.003405059897855782,0.00356245521772162,0.00344143735129552,-0.00031063633993380304,0.0014304249043699039,0.6336176015110656,0.11827174792749758,0.09986045125023556,0.01627382440261669,0.0,0.0,0.0002124104373068328,0.00022657056432026271,-0.0002124104373068328,0.00022657056432026271
1900,19.0,0.4617706373969469,0.13406680252301753,0.34244817621160223,0.23010081908510668,0.00476718710386533,0.004646228667360635,0.004507929580286452,0.005176245805316572,0.0002592575235788789,0.0015631615035327038,0.6404078109176526,0.10150232242767643,0.1010176992282387,0.013082065798813675,0.00020952201795903478,0.0004190440359180696,0.0,0.0,0.00020952201795903478,0.0004190440359180696
1910,19.1,0.4344188854920363,0.12600198704690954,0.31177003173219553,0.18837824429494154,0.005931018574248964,0.005599728037064174,0.004382705316055964,0.004606460787291463,0.0015483132581930003,0.0020717930329475056,0.6342486395744549,0.11414947259715712,0.09998422326498779,0.015213156214081156,0.0,0.0,3.9064512897184214e-05,7.812902579436844e-05,-3.9064512897184214e-05,7.812902579436844e-05
1920,19.2,0.4175427284231629,0.11065270750135223,0.2982667113964698,0.17262712657637833,0.007070132901005531,0.0069475365391231956,0.005453474497365694,0.0062308673439723985,0.0016166584036398364,0.0016458073897800867,0.632846149353751,0.10723524414116359,0.10000205816581789,0.01565622539143649,0.00020948014763925055,0.0003865543234801047,0.0,0.0,0.00020948014763925055,0.0003865543234801047
1930,19.3,0.41248048237252277,0.09652476182148745,0.3000835101524152,0.17754930788021628,0.006811708035423377,0.007281569184684036,0.006412695225088011,0.007214333114852985,0.0003990128103353675,0.0018073728798160297,0.6529297736576669,0.1110406227009393,0.10303902077532419,0.015064479783595425,0.0001246958603501564,0.00015488413643569685,0.0004229070538923414,0.0004820261758696445,-0.00029821119354218504,0.0005842153556126884
1940,19.400000000000002,0.4022960440058701,0.1125902650411571,0.2940991173668016,0.1794755659621143,0.006851798890983848,0.007515409469902117,0.006745163985774618,0.007428162494415611,0.000106634905209229,0.0018241556380379981,0.6563965289271843,0.1496813827887642,0.10323925665608533,0.020983038560981906,0.00023587336609195742,0.0003639790644213134,0.0006523388410485019,0.0005542826434653665,-0.00041646547495654445,0.0007990134948279909
1950,19.5,0.40054444887725643,0.1417593685423267,0.2975614722854282,0.19758131587228514,0.007784741708023041,0.007945843016849917,0.006661294899198772,0.007584783425993127,0.001123446808824269,0.00127361011375647,0.6626238569165415,0.13718521862692437,0.10404181273281043,0.016824910618679252,8.521491744485632e-05,0.00011576249682841683,0.0004555308901131084,0.00045810195490032736,-0.00037031597266825206,0.0003876940898839168
1960,19.6,0.39830194347915254,0.16595738879760094,0.2975740148401675,0.20548713536994623,0.008528272407145512,0.006842570664783417,0.006750027868552703,0.0071451511075104335,0.0017782445385928062,0.0018765404614621316,0.6554416978179516,0.12969845040190864,0.10309751946022587,0.016516001041745196,1.0913247481867185e-05,2.182649496373437e-05,0.0002470836772630974,0.0004223366332159555,-0.00023617042978123017,0.00042534954768868704
1970,19.7,0.39911357553215415,0.16623459401825472,0.304247308823356,0.21763403662987707,0.008642597040313936,0.006996308397900067,0.006912904130753091,0.006769181106784687,0.0017296929095608458,0.0024222210515973475,0.6339096662629173,0.14181173043120876,0.10019919471117109,0.021702725070879936,0.0,0.0,0.0002811099398938286,0.0003453209023198348,-0.0002811099398938286,0.0003453209023198348
1980,19.8,0.41016143249491144,0.16821942419332747,0.31762993884584884,0.23303636772902228,0.009764210152689667,0.009856760611241933,0.007866090998526776,0.009036821827365775,0.0018981191541628914,0.002133766609243962,0.6267132067454205,0.11661078953123581,0.09910368685607748,0.01741517984029358,0.00015116060506232854,0.0003023212101246571,0.000618297385317354,0.0010004340341723534,-0.00046713678025502546,0.0011274232425731705
1990,19.900000000000002,0.4398377560369626,0.1751644672999106,0.3501347763707412,0.26935131190913075,0.006513899874844996,0.004075801773609154,0.005955862776989424,0.004747807916279358,0.0005580370978555719,0.0018727974242418535,0.6374070448927467,0.10344530944951426,0.10078555066279171,0.015382458276032514,0.0005525417707398231,0.0011050835414796463,0.0004323603626656781,0.0004573106493344188,0.00012018140807414507,0.00087960696749216
2000,20.0,0.47941372880419053,0.17819700983138978,0.38769156898345336,0.29874295106051435,0.005919747769918311,0.004848693193429276,0.0056445965007696,0.005642724581073677,0.00027515126914871136,0.0015801983997115864,0.6604432556097335,0.10874072017989361,0.10412307444335625,0.014196579982327992,0.0,0.0,2.904827281795218e-05,5.809654563590436e-05,-2.904827281795218e-05,5.809654563590436e-05
