source_region,source_index,trial,LZMA_ratio,Lempel_Ziv_complexity,Permutation_entropy,LZMA_ratio_minus_chaos,Lempel_Ziv_complexity_minus_chaos,Permutation_entropy_minus_chaos
strong_chaos,0,1,0.9213333333333333,1.5918530506127748,0.9980072297278766,0.55,1.2341567672293525,0.8320900179411812
strong_chaos,0,2,0.9286666666666666,1.5876694683509802,0.9979437360139817,0.5573333333333332,1.229973184967558,0.8320265242272863
strong_chaos,0,3,0.9353333333333333,1.5918530506127748,0.9980014930601926,0.5640000000000001,1.2341567672293525,0.8320842812734972
strong_chaos,0,4,0.914,1.5981284240054663,0.9980825520470324,0.5426666666666666,1.240432140622044,0.8321653402603371
strong_chaos,0,5,0.9406666666666667,1.5960366328745692,0.9983744867511166,0.5693333333333332,1.2383403494911467,0.8324572749644212
strong_chaos,0,6,0.9313333333333333,1.593944841743672,0.9978592868964096,0.56,1.2362485583602494,0.8319420751097142
strong_chaos,0,7,0.9,1.593944841743672,0.9982909116307825,0.5286666666666666,1.2362485583602494,0.8323736998440872
strong_chaos,0,8,0.9266666666666666,1.593944841743672,0.9974642461557769,0.5553333333333332,1.2362485583602494,0.8315470343690815
strong_chaos,0,9,0.92,1.5897612594818775,0.9978544095220705,0.5486666666666666,1.2320649760984552,0.8319371977353751
strong_chaos,0,10,0.894,1.593944841743672,0.9975894421304187,0.5226666666666666,1.2362485583602494,0.8316722303437233
strong_chaos,1,1,0.928,1.593944841743672,0.9977857858836788,0.5760000000000001,1.240432140622044,0.8348728643319443
strong_chaos,1,2,0.9366666666666666,1.593944841743672,0.9974326606836484,0.5846666666666667,1.240432140622044,0.8345197391319139
strong_chaos,1,3,0.9153333333333333,1.593944841743672,0.9970196933058592,0.5633333333333334,1.240432140622044,0.8341067717541246
strong_chaos,1,4,0.9326666666666666,1.6002202151363636,0.9983548439815959,0.5806666666666667,1.2467075140147355,0.8354419224298614
strong_chaos,1,5,0.9,1.5897612594818775,0.998019405572349,0.548,1.2362485583602494,0.8351064840206145
strong_chaos,1,6,0.934,1.5918530506127748,0.997857827317516,0.5820000000000001,1.2383403494911467,0.8349449057657815
strong_chaos,1,7,0.9173333333333333,1.593944841743672,0.997511298075615,0.5653333333333334,1.240432140622044,0.8345983765238805
strong_chaos,1,8,0.92,1.5960366328745692,0.9981585683604759,0.5680000000000001,1.2425239317529413,0.8352456468087414
strong_chaos,1,9,0.9153333333333333,1.6002202151363636,0.9974652725401566,0.5633333333333334,1.2467075140147355,0.8345523509884221
strong_chaos,1,10,0.9406666666666667,1.5897612594818775,0.9978929107007474,0.5886666666666667,1.2362485583602494,0.8349799891490128
strong_chaos,2,1,0.9326666666666666,1.5981284240054663,0.9979451265536247,0.578,1.240432140622044,0.832591171104782
strong_chaos,2,2,0.9213333333333333,1.5960366328745692,0.9981109055243829,0.5666666666666667,1.2383403494911467,0.8327569500755402
strong_chaos,2,3,0.9226666666666666,1.5918530506127748,0.9980655139513257,0.568,1.2341567672293525,0.832711558502483
strong_chaos,2,4,0.9273333333333333,1.5876694683509802,0.997339396094291,0.5726666666666667,1.229973184967558,0.8319854406454483
strong_chaos,2,5,0.934,1.593944841743672,0.9981571008222223,0.5793333333333334,1.2362485583602494,0.8328031453733796
strong_chaos,2,6,0.9126666666666666,1.593944841743672,0.997594751931931,0.5579999999999999,1.2362485583602494,0.8322407964830884
strong_chaos,2,7,0.9106666666666666,1.5918530506127748,0.9982246233057156,0.5559999999999999,1.2341567672293525,0.8328706678568729
strong_chaos,2,8,0.936,1.5918530506127748,0.9981645724994755,0.5813333333333334,1.2341567672293525,0.8328106170506329
strong_chaos,2,9,0.93,1.593944841743672,0.9981573090379868,0.5753333333333334,1.2362485583602494,0.8328033535891441
strong_chaos,2,10,0.9353333333333333,1.5897612594818775,0.9978630545383588,0.5806666666666667,1.2320649760984552,0.8325090990895161
strong_chaos,3,1,0.918,1.5876694683509802,0.9977208553391436,0.5926666666666667,1.229973184967558,0.8328449768521322
strong_chaos,3,2,0.9333333333333333,1.593944841743672,0.9978597342245439,0.6080000000000001,1.2362485583602494,0.8329838557375325
strong_chaos,3,3,0.936,1.5897612594818775,0.9979663451251729,0.6106666666666667,1.2320649760984552,0.8330904666381616
strong_chaos,3,4,0.934,1.5960366328745692,0.9975124895249443,0.6086666666666667,1.2383403494911467,0.832636611037933
strong_chaos,3,5,0.9106666666666666,1.593944841743672,0.9980904487912386,0.5853333333333333,1.2362485583602494,0.8332145703042273
strong_chaos,3,6,0.924,1.5981284240054663,0.9977174125897265,0.5986666666666667,1.240432140622044,0.8328415341027151
strong_chaos,3,7,0.9153333333333333,1.593944841743672,0.997523419935988,0.5900000000000001,1.2362485583602494,0.8326475414489767
strong_chaos,3,8,0.9133333333333333,1.5981284240054663,0.9982302611432948,0.5880000000000001,1.240432140622044,0.8333543826562835
strong_chaos,3,9,0.9246666666666666,1.5855776772200831,0.9978490526792559,0.5993333333333333,1.2278813938366606,0.8329731741922446
strong_chaos,3,10,0.9386666666666666,1.593944841743672,0.9978184154327323,0.6133333333333333,1.2362485583602494,0.832942536945721
strong_chaos,4,1,0.92,1.5897612594818775,0.9979247518981031,0.5900000000000001,1.242523931752941,0.840500605120686
strong_chaos,4,2,0.9273333333333333,1.5960366328745692,0.9981242021644202,0.5973333333333333,1.2487993051456328,0.8407000553870032
strong_chaos,4,3,0.924,1.5918530506127748,0.9973433376053631,0.5940000000000001,1.2446157228838384,0.839919190827946
strong_chaos,4,4,0.9286666666666666,1.5897612594818775,0.9984098297729397,0.5986666666666667,1.242523931752941,0.8409856829955227
strong_chaos,4,5,0.9306666666666666,1.593944841743672,0.9977390943835169,0.6006666666666667,1.2467075140147355,0.8403149476060998
strong_chaos,4,6,0.9346666666666666,1.593944841743672,0.9978774581352123,0.6046666666666667,1.2467075140147355,0.8404533113577952
strong_chaos,4,7,0.9246666666666666,1.593944841743672,0.9979680147937467,0.5946666666666667,1.2467075140147355,0.8405438680163297
strong_chaos,4,8,0.922,1.593944841743672,0.997834329261376,0.5920000000000001,1.2467075140147355,0.8404101824839589
strong_chaos,4,9,0.9286666666666666,1.5918530506127748,0.9979441125761789,0.5986666666666667,1.2446157228838384,0.8405199657987619
strong_chaos,4,10,0.9193333333333333,1.5876694683509802,0.9978709267953938,0.5893333333333333,1.2404321406220438,0.8404467800179767
weak_chaos,5,1,0.9326666666666666,1.593944841743672,0.9975788354021505,0.6,1.2362485583602494,0.8335676074966334
weak_chaos,5,2,0.918,1.5918530506127748,0.9984970075003238,0.5853333333333334,1.2341567672293525,0.8344857795948066
weak_chaos,5,3,0.9193333333333333,1.593944841743672,0.9977141053248653,0.5866666666666667,1.2362485583602494,0.8337028774193481
weak_chaos,5,4,0.924,1.5981284240054663,0.9976464227224735,0.5913333333333334,1.240432140622044,0.8336351948169564
weak_chaos,5,5,0.9273333333333333,1.5960366328745692,0.9976839625177241,0.5946666666666667,1.2383403494911467,0.8336727346122069
weak_chaos,5,6,0.9193333333333333,1.5960366328745692,0.9981547279041391,0.5866666666666667,1.2383403494911467,0.8341434999986219
weak_chaos,5,7,0.9366666666666666,1.5918530506127748,0.9982989849368986,0.604,1.2341567672293525,0.8342877570313815
weak_chaos,5,8,0.9273333333333333,1.593944841743672,0.9976611971751639,0.5946666666666667,1.2362485583602494,0.8336499692696467
weak_chaos,5,9,0.934,1.5960366328745692,0.9981452844216402,0.6013333333333334,1.2383403494911467,0.834134056516123
weak_chaos,5,10,0.94,1.5960366328745692,0.9984568870219872,0.6073333333333333,1.2383403494911467,0.8344456591164701
strong_chaos,7,1,0.9406666666666667,1.593944841743672,0.9982160504342774,0.596,1.240432140622044,0.8367440614319718
strong_chaos,7,2,0.944,1.5855776772200831,0.9977198711476779,0.5993333333333333,1.2320649760984552,0.8362478821453723
strong_chaos,7,3,0.928,1.5918530506127748,0.9979566552241416,0.5833333333333334,1.2383403494911467,0.8364846662218359
strong_chaos,7,4,0.9333333333333333,1.5981284240054663,0.9970938232997063,0.5886666666666667,1.2446157228838381,0.8356218342974007
strong_chaos,7,5,0.9173333333333333,1.593944841743672,0.9979650226610007,0.5726666666666667,1.240432140622044,0.8364930336586951
strong_chaos,7,6,0.9173333333333333,1.5960366328745692,0.9977564270369707,0.5726666666666667,1.2425239317529413,0.836284438034665
strong_chaos,7,7,0.932,1.593944841743672,0.9980369757909824,0.5873333333333334,1.240432140622044,0.8365649867886767
strong_chaos,7,8,0.9173333333333333,1.593944841743672,0.9981988916649281,0.5726666666666667,1.240432140622044,0.8367269026626225
strong_chaos,7,9,0.9273333333333333,1.5918530506127748,0.9982359491874369,0.5826666666666667,1.2383403494911467,0.8367639601851312
strong_chaos,7,10,0.9166666666666666,1.5876694683509802,0.9977471946882248,0.572,1.234156767229352,0.8362752056859192
strong_chaos,8,1,0.9373333333333334,1.5981284240054663,0.9979294310928292,0.6080000000000001,1.2467075140147355,0.8371358749212933
strong_chaos,8,2,0.9306666666666666,1.5960366328745692,0.9983436206650056,0.6013333333333333,1.2446157228838384,0.8375500644934697
strong_chaos,8,3,0.9366666666666666,1.593944841743672,0.9975677743391346,0.6073333333333333,1.242523931752941,0.8367742181675987
strong_chaos,8,4,0.934,1.5960366328745692,0.9974344249298464,0.6046666666666667,1.2446157228838384,0.8366408687583105
strong_chaos,8,5,0.9373333333333334,1.5897612594818775,0.9982790868112477,0.6080000000000001,1.2383403494911467,0.8374855306397118
strong_chaos,8,6,0.934,1.5897612594818775,0.9980202326501276,0.6046666666666667,1.2383403494911467,0.8372266764785917
strong_chaos,8,7,0.9166666666666666,1.5918530506127748,0.9978871403314008,0.5873333333333333,1.240432140622044,0.8370935841598649
strong_chaos,8,8,0.9246666666666666,1.5918530506127748,0.998012412196252,0.5953333333333333,1.240432140622044,0.8372188560247161
strong_chaos,8,9,0.9213333333333333,1.5876694683509802,0.9982040602744002,0.5920000000000001,1.2362485583602494,0.8374105041028643
strong_chaos,8,10,0.9246666666666666,1.5960366328745692,0.9982557178052518,0.5953333333333333,1.2446157228838384,0.8374621616337159
strong_chaos,9,1,0.9333333333333333,1.5918530506127748,0.9974153436768184,0.5546666666666666,1.2341567672293525,0.8326442143730606
strong_chaos,9,2,0.9273333333333333,1.5960366328745692,0.9983383202356202,0.5486666666666666,1.2383403494911467,0.8335671909318624
strong_chaos,9,3,0.9266666666666666,1.5855776772200831,0.9980436040943931,0.548,1.2278813938366606,0.8332724747906353
strong_chaos,9,4,0.91,1.593944841743672,0.9981039624910873,0.5313333333333334,1.2362485583602494,0.8333328331873295
strong_chaos,9,5,0.9273333333333333,1.5960366328745692,0.998050898963024,0.5486666666666666,1.2383403494911467,0.8332797696592662
strong_chaos,9,6,0.9306666666666666,1.5876694683509802,0.9980481389627113,0.552,1.229973184967558,0.8332770096589535
strong_chaos,9,7,0.924,1.593944841743672,0.9978409182337601,0.5453333333333334,1.2362485583602494,0.8330697889300023
strong_chaos,9,8,0.924,1.5981284240054663,0.997761076200441,0.5453333333333334,1.240432140622044,0.8329899468966832
strong_chaos,9,9,0.9366666666666666,1.5876694683509802,0.9977117123717585,0.558,1.229973184967558,0.8329405830680007
strong_chaos,9,10,0.9386666666666666,1.5981284240054663,0.9983088603264746,0.56,1.240432140622044,0.8335377310227168
strong_chaos,10,1,0.934,1.5981284240054663,0.9982484207510265,0.5946666666666667,1.2383403494911467,0.8311803779978765
strong_chaos,10,2,0.932,1.5876694683509802,0.9977166701165492,0.5926666666666667,1.2278813938366606,0.8306486273633992
strong_chaos,10,3,0.93,1.5918530506127748,0.9977019398162246,0.5906666666666667,1.2320649760984552,0.8306338970630746
strong_chaos,10,4,0.9326666666666666,1.593944841743672,0.998257259423992,0.5933333333333333,1.2341567672293523,0.831189216670842
strong_chaos,10,5,0.9093333333333333,1.593944841743672,0.9981690253036515,0.5700000000000001,1.2341567672293523,0.8311009825505015
strong_chaos,10,6,0.9193333333333333,1.5918530506127748,0.9981841533615808,0.5800000000000001,1.2320649760984552,0.8311161106084308
strong_chaos,10,7,0.9046666666666666,1.5918530506127748,0.9979652003158949,0.5653333333333332,1.2320649760984552,0.8308971575627448
strong_chaos,10,8,0.9113333333333333,1.5981284240054663,0.9974522039347553,0.5720000000000001,1.2383403494911467,0.8303841611816053
strong_chaos,10,9,0.9193333333333333,1.5918530506127748,0.9977185797229002,0.5800000000000001,1.2320649760984552,0.8306505369697502
strong_chaos,10,10,0.9386666666666666,1.5897612594818775,0.9977982886664036,0.5993333333333333,1.229973184967558,0.8307302459132536
weak_chaos,11,1,0.9033333333333333,1.5960366328745692,0.9975832398652865,0.5573333333333333,1.240432140622044,0.834413723635242
weak_chaos,11,2,0.9413333333333334,1.5876694683509802,0.9980781825110896,0.5953333333333334,1.232064976098455,0.8349086662810451
weak_chaos,11,3,0.94,1.5918530506127748,0.9985224155495837,0.594,1.2362485583602496,0.8353528993195392
weak_chaos,11,4,0.934,1.5918530506127748,0.9979950400964269,0.5880000000000001,1.2362485583602496,0.8348255238663824
weak_chaos,11,5,0.9326666666666666,1.5918530506127748,0.9984860969946794,0.5866666666666667,1.2362485583602496,0.8353165807646349
weak_chaos,11,6,0.9473333333333334,1.5918530506127748,0.997684260077812,0.6013333333333334,1.2362485583602496,0.8345147438477675
weak_chaos,11,7,0.9153333333333333,1.5960366328745692,0.9975182422339907,0.5693333333333334,1.240432140622044,0.8343487260039462
weak_chaos,11,8,0.922,1.5960366328745692,0.99809384689995,0.5760000000000001,1.240432140622044,0.8349243306699055
weak_chaos,11,9,0.9073333333333333,1.5918530506127748,0.998170445198204,0.5613333333333334,1.2362485583602496,0.8350009289681595
weak_chaos,11,10,0.9333333333333333,1.5918530506127748,0.998547414723961,0.5873333333333334,1.2362485583602496,0.8353778984939165
weak_chaos,12,1,0.9306666666666666,1.5960366328745692,0.9980614345544275,0.5886666666666667,1.240432140622044,0.8345453072364122
weak_chaos,12,2,0.9113333333333333,1.5876694683509802,0.9975870083574305,0.5693333333333332,1.232064976098455,0.8340708810394152
weak_chaos,12,3,0.93,1.5897612594818775,0.9983018914058934,0.5880000000000001,1.2341567672293523,0.8347857640878781
weak_chaos,12,4,0.906,1.5918530506127748,0.997281257485825,0.5640000000000001,1.2362485583602496,0.8337651301678096
weak_chaos,12,5,0.9313333333333333,1.5918530506127748,0.9978889019115217,0.5893333333333333,1.2362485583602496,0.8343727745935063
weak_chaos,12,6,0.9493333333333334,1.5897612594818775,0.998022100420804,0.6073333333333333,1.2341567672293523,0.8345059731027886
weak_chaos,12,7,0.9293333333333333,1.593944841743672,0.9976660301171915,0.5873333333333333,1.2383403494911467,0.8341499027991761
weak_chaos,12,8,0.9353333333333333,1.5981284240054663,0.9975868224519825,0.5933333333333333,1.242523931752941,0.8340706951339671
weak_chaos,12,9,0.9286666666666666,1.593944841743672,0.9978064443932485,0.5866666666666667,1.2383403494911467,0.8342903170752332
weak_chaos,12,10,0.9266666666666666,1.5897612594818775,0.9983790795929091,0.5846666666666667,1.2341567672293523,0.8348629522748937
weak_chaos,13,1,0.9453333333333334,1.5918530506127748,0.9981543381560398,0.6053333333333333,1.2320649760984552,0.8337090090517514
weak_chaos,13,2,0.9273333333333333,1.5918530506127748,0.998025898072109,0.5873333333333333,1.2320649760984552,0.8335805689678205
weak_chaos,13,3,0.9306666666666666,1.593944841743672,0.9983441978175797,0.5906666666666667,1.2341567672293523,0.8338988687132912
weak_chaos,13,4,0.928,1.593944841743672,0.9980451241339992,0.5880000000000001,1.2341567672293523,0.8335997950297107
weak_chaos,13,5,0.9373333333333334,1.593944841743672,0.9976983982629698,0.5973333333333333,1.2341567672293523,0.8332530691586814
weak_chaos,13,6,0.928,1.593944841743672,0.9980169877601357,0.5880000000000001,1.2341567672293523,0.8335716586558473
weak_chaos,13,7,0.9333333333333333,1.5918530506127748,0.9978773427946324,0.5933333333333333,1.2320649760984552,0.8334320136903439
weak_chaos,13,8,0.9266666666666666,1.593944841743672,0.9981507935803853,0.5866666666666667,1.2341567672293523,0.8337054644760968
weak_chaos,13,9,0.924,1.5918530506127748,0.9979902227106847,0.5840000000000001,1.2320649760984552,0.8335448936063963
weak_chaos,13,10,0.916,1.5918530506127748,0.9981691175797137,0.5760000000000001,1.2320649760984552,0.8337237884754253
strong_chaos,14,1,0.9353333333333333,1.5918530506127748,0.9982818783914927,0.62,1.2446157228838384,0.8377423716867324
strong_chaos,14,2,0.9193333333333333,1.593944841743672,0.9977914506551341,0.604,1.2467075140147355,0.8372519439503737
strong_chaos,14,3,0.9346666666666666,1.593944841743672,0.9981157622101036,0.6193333333333333,1.2467075140147355,0.8375762555053432
strong_chaos,14,4,0.9266666666666666,1.5981284240054663,0.9981861266292457,0.6113333333333333,1.2508910962765298,0.8376466199244853
strong_chaos,14,5,0.9146666666666666,1.5918530506127748,0.998413881422277,0.5993333333333333,1.2446157228838384,0.8378743747175167
strong_chaos,14,6,0.9193333333333333,1.593944841743672,0.99806292343354,0.604,1.2467075140147355,0.8375234167287796
strong_chaos,14,7,0.9073333333333333,1.5897612594818775,0.9980037863380681,0.592,1.242523931752941,0.8374642796333077
strong_chaos,14,8,0.938,1.5918530506127748,0.9984758181374646,0.6226666666666666,1.2446157228838384,0.8379363114327042
strong_chaos,14,9,0.9126666666666666,1.593944841743672,0.9978519180728238,0.5973333333333333,1.2467075140147355,0.8373124113680634
strong_chaos,14,10,0.9366666666666666,1.5981284240054663,0.9978327885015302,0.6213333333333333,1.2508910962765298,0.8372932817967699
strong_chaos,15,1,0.9353333333333333,1.5960366328745692,0.997572888283746,0.614,1.2341567672293523,0.8317531251523158
strong_chaos,15,2,0.9253333333333333,1.5960366328745692,0.998163404214968,0.604,1.2341567672293523,0.8323436410835378
strong_chaos,15,3,0.936,1.5897612594818775,0.9976569612486307,0.6146666666666667,1.2278813938366606,0.8318371981172005
strong_chaos,15,4,0.934,1.593944841743672,0.9982039077327415,0.6126666666666667,1.232064976098455,0.8323841446013113
strong_chaos,15,5,0.918,1.6002202151363636,0.9975324317250053,0.5966666666666667,1.2383403494911467,0.8317126685935751
strong_chaos,15,6,0.93,1.5960366328745692,0.9984416244253829,0.6086666666666667,1.2341567672293523,0.8326218612939527
strong_chaos,15,7,0.93,1.5918530506127748,0.9981372801956107,0.6086666666666667,1.229973184967558,0.8323175170641804
strong_chaos,15,8,0.9373333333333334,1.593944841743672,0.9979063682316027,0.616,1.232064976098455,0.8320866051001725
strong_chaos,15,9,0.934,1.5960366328745692,0.9976792294630793,0.6126666666666667,1.2341567672293523,0.8318594663316491
strong_chaos,15,10,0.908,1.5813940949582888,0.9976390405202962,0.5866666666666667,1.2195142293130719,0.831819277388866
strong_chaos,16,1,0.912,1.5918530506127748,0.9984060876368728,0.5760000000000001,1.2362485583602496,0.8328518700962548
strong_chaos,16,2,0.9353333333333333,1.5918530506127748,0.9982815288262944,0.5993333333333333,1.2362485583602496,0.8327273112856765
strong_chaos,16,3,0.9173333333333333,1.5918530506127748,0.9978155536726848,0.5813333333333333,1.2362485583602496,0.8322613361320669
strong_chaos,16,4,0.92,1.5981284240054663,0.9983504883642229,0.5840000000000001,1.242523931752941,0.832796270823605
strong_chaos,16,5,0.9306666666666666,1.593944841743672,0.9979178355810322,0.5946666666666667,1.2383403494911467,0.8323636180404143
strong_chaos,16,6,0.9173333333333333,1.593944841743672,0.9976494621623219,0.5813333333333333,1.2383403494911467,0.8320952446217039
strong_chaos,16,7,0.938,1.5918530506127748,0.9983283022972934,0.6019999999999999,1.2362485583602496,0.8327740847566755
strong_chaos,16,8,0.9346666666666666,1.593944841743672,0.998196666112719,0.5986666666666667,1.2383403494911467,0.832642448572101
strong_chaos,16,9,0.914,1.593944841743672,0.9981886432405109,0.5780000000000001,1.2383403494911467,0.832634425699893
strong_chaos,16,10,0.9166666666666666,1.5897612594818775,0.9979560982535315,0.5806666666666667,1.2341567672293523,0.8324018807129135
weak_chaos,18,1,0.936,1.593944841743672,0.99789365656638,0.6086666666666667,1.242523931752941,0.8339861037212765
weak_chaos,18,2,0.9273333333333333,1.5960366328745692,0.9978520932009906,0.6000000000000001,1.2446157228838384,0.833944540355887
weak_chaos,18,3,0.9206666666666666,1.5918530506127748,0.9978523678782982,0.5933333333333333,1.240432140622044,0.8339448150331947
weak_chaos,18,4,0.9186666666666666,1.5960366328745692,0.9983107273360176,0.5913333333333333,1.2446157228838384,0.8344031744909141
weak_chaos,18,5,0.924,1.5918530506127748,0.9981492295476888,0.5966666666666667,1.240432140622044,0.8342416767025853
weak_chaos,18,6,0.946,1.5918530506127748,0.9977895103714686,0.6186666666666667,1.240432140622044,0.8338819575263651
weak_chaos,18,7,0.9293333333333333,1.5960366328745692,0.9980107624460596,0.6020000000000001,1.2446157228838384,0.8341032096009561
weak_chaos,18,8,0.9313333333333333,1.5918530506127748,0.9981639003110475,0.6040000000000001,1.240432140622044,0.834256347465944
weak_chaos,18,9,0.9346666666666666,1.5960366328745692,0.9976417972432834,0.6073333333333333,1.2446157228838384,0.8337342443981799
weak_chaos,18,10,0.9386666666666666,1.5918530506127748,0.9974082874341678,0.6113333333333333,1.240432140622044,0.8335007345890643
weak_chaos,19,1,0.9246666666666666,1.5918530506127748,0.9984724795713852,0.6053333333333333,1.2383403494911467,0.8344829756861416
weak_chaos,19,2,0.92,1.5918530506127748,0.9978390662454225,0.6006666666666667,1.2383403494911467,0.8338495623601789
weak_chaos,19,3,0.9233333333333333,1.5918530506127748,0.99825256436385,0.604,1.2383403494911467,0.8342630604786065
weak_chaos,19,4,0.9166666666666666,1.5918530506127748,0.9984340508325691,0.5973333333333333,1.2383403494911467,0.8344445469473256
weak_chaos,19,5,0.9386666666666666,1.5981284240054663,0.9985569533218928,0.6193333333333333,1.2446157228838381,0.8345674494366493
weak_chaos,19,6,0.9453333333333334,1.5960366328745692,0.9983865173159722,0.626,1.2425239317529413,0.8343970134307286
weak_chaos,19,7,0.94,1.5918530506127748,0.9981657562985156,0.6206666666666666,1.2383403494911467,0.8341762524132721
weak_chaos,19,8,0.92,1.5981284240054663,0.9980254680189027,0.6006666666666667,1.2446157228838381,0.8340359641336592
weak_chaos,19,9,0.92,1.5960366328745692,0.997968519615136,0.6006666666666667,1.2425239317529413,0.8339790157298925
weak_chaos,19,10,0.924,1.5918530506127748,0.9975825902057429,0.6046666666666667,1.2383403494911467,0.8335930863204994
weak_chaos,20,1,0.936,1.593944841743672,0.9974720427788536,0.6080000000000001,1.240432140622044,0.8338490913312593
weak_chaos,20,2,0.9333333333333333,1.593944841743672,0.9979707774325723,0.6053333333333333,1.240432140622044,0.834347825984978
weak_chaos,20,3,0.9126666666666666,1.5960366328745692,0.997347968820641,0.5846666666666667,1.2425239317529413,0.8337250173730467
weak_chaos,20,4,0.93,1.593944841743672,0.9981482451772171,0.6020000000000001,1.240432140622044,0.8345252937296228
weak_chaos,20,5,0.9306666666666666,1.5960366328745692,0.9978036411169938,0.6026666666666667,1.2425239317529413,0.8341806896693995
weak_chaos,20,6,0.9326666666666666,1.5981284240054663,0.9975307641957836,0.6046666666666667,1.2446157228838381,0.8339078127481893
weak_chaos,20,7,0.9286666666666666,1.5960366328745692,0.9980198526730202,0.6006666666666667,1.2425239317529413,0.8343969012254259
weak_chaos,20,8,0.9293333333333333,1.593944841743672,0.9978332719036812,0.6013333333333333,1.240432140622044,0.8342103204560869
weak_chaos,20,9,0.9353333333333333,1.593944841743672,0.9979181528159429,0.6073333333333333,1.240432140622044,0.8342952013683486
weak_chaos,20,10,0.928,1.593944841743672,0.9975436930818751,0.6000000000000001,1.240432140622044,0.8339207416342808
strong_chaos,21,1,0.934,1.593944841743672,0.9975399708734823,0.6033333333333334,1.2487993051456328,0.8396428951744597
strong_chaos,21,2,0.946,1.5918530506127748,0.9983218266933064,0.6153333333333333,1.2467075140147357,0.8404247509942837
strong_chaos,21,3,0.9333333333333333,1.593944841743672,0.9980977311968554,0.6026666666666667,1.2487993051456328,0.8402006554978327
strong_chaos,21,4,0.9313333333333333,1.5981284240054663,0.9980850220962595,0.6006666666666667,1.2529828874074271,0.8401879463972368
strong_chaos,21,5,0.9193333333333333,1.5960366328745692,0.997318777332447,0.5886666666666667,1.25089109627653,0.8394217016334243
strong_chaos,21,6,0.922,1.5918530506127748,0.9982252803932756,0.5913333333333334,1.2467075140147357,0.840328204694253
strong_chaos,21,7,0.9073333333333333,1.5981284240054663,0.9981100358133166,0.5766666666666667,1.2529828874074271,0.8402129601142939
strong_chaos,21,8,0.9233333333333333,1.6023120062672607,0.998039593941659,0.5926666666666667,1.2571664696692215,0.8401425182426363
strong_chaos,21,9,0.9306666666666666,1.5897612594818775,0.9981425950114218,0.6,1.2446157228838384,0.8402455193123991
strong_chaos,21,10,0.9266666666666666,1.5897612594818775,0.9986622516491281,0.596,1.2446157228838384,0.8407651759501055
strong_chaos,22,1,0.9353333333333333,1.593944841743672,0.9984113968730808,0.5873333333333334,1.240432140622044,0.8341462145400976
strong_chaos,22,2,0.904,1.5960366328745692,0.9970516788085493,0.556,1.2425239317529413,0.8327864964755661
strong_chaos,22,3,0.93,1.5960366328745692,0.9979627998338448,0.5820000000000001,1.2425239317529413,0.8336976175008617
strong_chaos,22,4,0.934,1.5918530506127748,0.9981880928278553,0.5860000000000001,1.2383403494911467,0.8339229104948721
strong_chaos,22,5,0.9273333333333333,1.5960366328745692,0.9984071918090032,0.5793333333333334,1.2425239317529413,0.83414200947602
strong_chaos,22,6,0.918,1.593944841743672,0.9979201845390581,0.5700000000000001,1.240432140622044,0.8336550022060749
strong_chaos,22,7,0.9366666666666666,1.5918530506127748,0.9987203564491357,0.5886666666666667,1.2383403494911467,0.8344551741161526
strong_chaos,22,8,0.9333333333333333,1.5897612594818775,0.9983787346986106,0.5853333333333334,1.2362485583602494,0.8341135523656275
strong_chaos,22,9,0.92,1.593944841743672,0.9982787763273582,0.5720000000000001,1.240432140622044,0.834013593994375
strong_chaos,22,10,0.9306666666666666,1.593944841743672,0.9981326890879951,0.5826666666666667,1.240432140622044,0.833867506755012
strong_chaos,23,1,0.9333333333333333,1.5918530506127748,0.9983253203354583,0.5926666666666667,1.2362485583602496,0.8345645380218516
strong_chaos,23,2,0.9246666666666666,1.5960366328745692,0.9981712206655712,0.584,1.240432140622044,0.8344104383519646
strong_chaos,23,3,0.9166666666666666,1.5918530506127748,0.9979090281485484,0.576,1.2362485583602496,0.8341482458349418
strong_chaos,23,4,0.9186666666666666,1.5918530506127748,0.9983656319838662,0.578,1.2362485583602496,0.8346048496702596
strong_chaos,23,5,0.9073333333333333,1.593944841743672,0.9977594246367204,0.5666666666666667,1.2383403494911467,0.8339986423231138
strong_chaos,23,6,0.934,1.593944841743672,0.9985516547280935,0.5933333333333334,1.2383403494911467,0.8347908724144868
strong_chaos,23,7,0.9333333333333333,1.5960366328745692,0.9979685078415261,0.5926666666666667,1.240432140622044,0.8342077255279194
strong_chaos,23,8,0.9213333333333333,1.5876694683509802,0.9980871042440436,0.5806666666666667,1.232064976098455,0.8343263219304369
strong_chaos,23,9,0.928,1.5918530506127748,0.9976847294402105,0.5873333333333334,1.2362485583602496,0.8339239471266038
strong_chaos,23,10,0.918,1.5897612594818775,0.998599671958025,0.5773333333333334,1.2341567672293523,0.8348388896444183
weak_chaos,24,1,0.9473333333333334,1.593944841743672,0.9980639683398916,0.626,1.2383403494911467,0.8341858319806694
weak_chaos,24,2,0.922,1.593944841743672,0.9984537576625275,0.6006666666666667,1.2383403494911467,0.8345756213033053
weak_chaos,24,3,0.93,1.5918530506127748,0.9980848169242631,0.6086666666666667,1.2362485583602496,0.8342066805650408
weak_chaos,24,4,0.9393333333333334,1.5918530506127748,0.9975106939324121,0.618,1.2362485583602496,0.8336325575731898
weak_chaos,24,5,0.926,1.5918530506127748,0.9977879874964202,0.6046666666666667,1.2362485583602496,0.8339098511371978
weak_chaos,24,6,0.9326666666666666,1.593944841743672,0.9973558798031142,0.6113333333333333,1.2383403494911467,0.833477743443892
weak_chaos,24,7,0.938,1.5960366328745692,0.9972893069247617,0.6166666666666666,1.240432140622044,0.8334111705655394
weak_chaos,24,8,0.9273333333333333,1.5897612594818775,0.9977963889978818,0.606,1.2341567672293523,0.8339182526386595
weak_chaos,24,9,0.934,1.5918530506127748,0.998119685975713,0.6126666666666667,1.2362485583602496,0.8342415496164908
weak_chaos,24,10,0.904,1.5918530506127748,0.998608960281706,0.5826666666666667,1.2362485583602496,0.8347308239224838
weak_chaos,25,1,0.9293333333333333,1.5876694683509802,0.9982579891847001,0.6146666666666667,1.234156767229352,0.8344499721784939
weak_chaos,25,2,0.9273333333333333,1.5876694683509802,0.9978471778483532,0.6126666666666667,1.234156767229352,0.8340391608421469
weak_chaos,25,3,0.93,1.5897612594818775,0.9984224745726897,0.6153333333333334,1.2362485583602494,0.8346144575664836
weak_chaos,25,4,0.9306666666666666,1.593944841743672,0.9986672266762421,0.616,1.240432140622044,0.8348592096700358
weak_chaos,25,5,0.93,1.5981284240054663,0.9986129670239717,0.6153333333333334,1.2446157228838381,0.8348049500177654
weak_chaos,25,6,0.9286666666666666,1.5918530506127748,0.9984376959848265,0.614,1.2383403494911467,0.8346296789786203
weak_chaos,25,7,0.9353333333333333,1.593944841743672,0.9981225065530472,0.6206666666666667,1.240432140622044,0.8343144895468411
weak_chaos,25,8,0.9093333333333333,1.5918530506127748,0.9979132308641171,0.5946666666666667,1.2383403494911467,0.8341052138579108
weak_chaos,25,9,0.9173333333333333,1.593944841743672,0.9980726229608956,0.6026666666666667,1.240432140622044,0.8342646059546894
weak_chaos,25,10,0.9326666666666666,1.5960366328745692,0.9979842048558072,0.618,1.2425239317529413,0.834176187849601
strong_chaos,28,1,0.9293333333333333,1.5918530506127748,0.9979228612958801,0.5526666666666666,1.2341567672293525,0.8337518070552358
strong_chaos,28,2,0.9153333333333333,1.593944841743672,0.9975782807830482,0.5386666666666666,1.2362485583602494,0.8334072265424038
strong_chaos,28,3,0.9246666666666666,1.593944841743672,0.9980178713267716,0.548,1.2362485583602494,0.8338468170861272
strong_chaos,28,4,0.9166666666666666,1.5981284240054663,0.997849761184151,0.54,1.240432140622044,0.8336787069435067
strong_chaos,28,5,0.924,1.5918530506127748,0.9980707804843498,0.5473333333333334,1.2341567672293525,0.8338997262437055
strong_chaos,28,6,0.936,1.593944841743672,0.9983880316689342,0.5593333333333335,1.2362485583602494,0.8342169774282898
strong_chaos,28,7,0.8966666666666666,1.5897612594818775,0.9972755403737861,0.52,1.2320649760984552,0.8331044861331417
strong_chaos,28,8,0.9286666666666666,1.5981284240054663,0.9977728711815892,0.552,1.240432140622044,0.8336018169409448
strong_chaos,28,9,0.92,1.5918530506127748,0.9982462620214041,0.5433333333333334,1.2341567672293525,0.8340752077807597
strong_chaos,28,10,0.9306666666666666,1.593944841743672,0.9982423294725381,0.554,1.2362485583602494,0.8340712752318937
strong_chaos,29,1,0.914,1.5960366328745692,0.9984475871985546,0.5760000000000001,1.2383403494911467,0.834493524861156
strong_chaos,29,2,0.926,1.5960366328745692,0.9973194128653593,0.5880000000000001,1.2383403494911467,0.8333653505279607
strong_chaos,29,3,0.9033333333333333,1.5981284240054663,0.9984585701009623,0.5653333333333332,1.240432140622044,0.8345045077635637
strong_chaos,29,4,0.9373333333333334,1.5960366328745692,0.9975765751898968,0.5993333333333333,1.2383403494911467,0.8336225128524982
strong_chaos,29,5,0.92,1.593944841743672,0.9982121650898612,0.5820000000000001,1.2362485583602494,0.8342581027524626
strong_chaos,29,6,0.9066666666666666,1.5918530506127748,0.9970771918285113,0.5686666666666667,1.2341567672293525,0.8331231294911127
strong_chaos,29,7,0.93,1.5897612594818775,0.9981071192260119,0.5920000000000001,1.2320649760984552,0.8341530568886133
strong_chaos,29,8,0.9226666666666666,1.5897612594818775,0.9975312150181558,0.5846666666666667,1.2320649760984552,0.8335771526807572
strong_chaos,29,9,0.938,1.5960366328745692,0.9985381025418433,0.5999999999999999,1.2383403494911467,0.8345840402044447
strong_chaos,29,10,0.934,1.5960366328745692,0.9979660598339114,0.5960000000000001,1.2383403494911467,0.8340119974965128
weak_chaos,30,1,0.9273333333333333,1.5918530506127748,0.9985482952413869,0.622,1.2383403494911467,0.8354734724528432
weak_chaos,30,2,0.924,1.5960366328745692,0.9979380280661594,0.6186666666666667,1.2425239317529413,0.8348632052776157
weak_chaos,30,3,0.928,1.5960366328745692,0.9981203586919668,0.6226666666666667,1.2425239317529413,0.8350455359034231
weak_chaos,30,4,0.9246666666666666,1.5876694683509802,0.9976106688482971,0.6193333333333333,1.234156767229352,0.8345358460597534
weak_chaos,30,5,0.942,1.593944841743672,0.997570679491806,0.6366666666666666,1.240432140622044,0.8344958567032623
weak_chaos,30,6,0.934,1.593944841743672,0.997756548051859,0.6286666666666667,1.240432140622044,0.8346817252633153
weak_chaos,30,7,0.9273333333333333,1.5981284240054663,0.9978174545760231,0.622,1.2446157228838381,0.8347426317874794
weak_chaos,30,8,0.9286666666666666,1.593944841743672,0.9980962416958257,0.6233333333333333,1.240432140622044,0.835021418907282
weak_chaos,30,9,0.926,1.593944841743672,0.9984102491121887,0.6206666666666667,1.240432140622044,0.835335426323645
weak_chaos,30,10,0.934,1.593944841743672,0.9983037812425348,0.6286666666666667,1.240432140622044,0.8352289584539911
weak_chaos,36,1,0.922,1.5897612594818775,0.9979062008307029,0.6220000000000001,1.2341567672293523,0.8339834301906197
weak_chaos,36,2,0.928,1.593944841743672,0.9979248046723153,0.6280000000000001,1.2383403494911467,0.834002034032232
weak_chaos,36,3,0.926,1.593944841743672,0.9980947986466293,0.6260000000000001,1.2383403494911467,0.8341720280065461
weak_chaos,36,4,0.924,1.5897612594818775,0.9985363344185357,0.6240000000000001,1.2341567672293523,0.8346135637784524
weak_chaos,36,5,0.914,1.593944841743672,0.9984282921681414,0.6140000000000001,1.2383403494911467,0.8345055215280581
weak_chaos,36,6,0.914,1.5876694683509802,0.9979761969695279,0.6140000000000001,1.232064976098455,0.8340534263294446
weak_chaos,36,7,0.9226666666666666,1.5897612594818775,0.9981187951480016,0.6226666666666667,1.2341567672293523,0.8341960245079183
weak_chaos,36,8,0.9226666666666666,1.5918530506127748,0.9978183449941564,0.6226666666666667,1.2362485583602496,0.8338955743540732
weak_chaos,36,9,0.9273333333333333,1.5918530506127748,0.9982760331491436,0.6273333333333333,1.2362485583602496,0.8343532625090604
weak_chaos,36,10,0.9286666666666666,1.5960366328745692,0.9978508818481128,0.6286666666666667,1.240432140622044,0.8339281112080295
weak_chaos,41,1,0.9306666666666666,1.593944841743672,0.9980952459836157,0.6466666666666667,1.240432140622044,0.8341865810058056
weak_chaos,41,2,0.9306666666666666,1.5855776772200831,0.9978502572203121,0.6466666666666667,1.2320649760984552,0.833941592242502
weak_chaos,41,3,0.9273333333333333,1.5960366328745692,0.9981201042381448,0.6433333333333333,1.2425239317529413,0.8342114392603347
weak_chaos,41,4,0.9313333333333333,1.5876694683509802,0.9982140143461612,0.6473333333333333,1.234156767229352,0.8343053493683511
weak_chaos,41,5,0.936,1.5897612594818775,0.9975527770520852,0.6520000000000001,1.2362485583602494,0.8336441120742751
weak_chaos,41,6,0.93,1.5918530506127748,0.9978474609792192,0.6460000000000001,1.2383403494911467,0.8339387960014091
weak_chaos,41,7,0.912,1.593944841743672,0.9979708412477595,0.6280000000000001,1.240432140622044,0.8340621762699494
weak_chaos,41,8,0.9246666666666666,1.5918530506127748,0.997824478309129,0.6406666666666667,1.2383403494911467,0.8339158133313189
weak_chaos,41,9,0.9273333333333333,1.5855776772200831,0.9980858765137315,0.6433333333333333,1.2320649760984552,0.8341772115359214
weak_chaos,41,10,0.926,1.5981284240054663,0.9982492763803558,0.6420000000000001,1.2446157228838381,0.8343406114025457
weak_chaos,42,1,0.908,1.5981284240054663,0.998384441056365,0.5993333333333334,1.242523931752941,0.8344807105741872
weak_chaos,42,2,0.9326666666666666,1.5960366328745692,0.9981522592765701,0.624,1.240432140622044,0.8342485287943922
weak_chaos,42,3,0.922,1.5960366328745692,0.9977380002453109,0.6133333333333334,1.240432140622044,0.8338342697631329
weak_chaos,42,4,0.9306666666666666,1.5876694683509802,0.9978582137761275,0.622,1.232064976098455,0.8339544832939496
weak_chaos,42,5,0.9126666666666666,1.593944841743672,0.9974828613187104,0.604,1.2383403494911467,0.8335791308365326
weak_chaos,42,6,0.9186666666666666,1.5960366328745692,0.9978499669867784,0.61,1.240432140622044,0.8339462365046004
weak_chaos,42,7,0.916,1.5960366328745692,0.9978366741116717,0.6073333333333334,1.240432140622044,0.8339329436294938
weak_chaos,42,8,0.9246666666666666,1.5960366328745692,0.9982207593188844,0.616,1.240432140622044,0.8343170288367066
weak_chaos,42,9,0.9426666666666667,1.5918530506127748,0.9981530036558713,0.634,1.2362485583602496,0.8342492731736935
weak_chaos,42,10,0.9173333333333333,1.5918530506127748,0.9980681029628211,0.6086666666666667,1.2362485583602496,0.8341643724806431
weak_chaos,45,1,0.9353333333333333,1.593944841743672,0.9979925618323088,0.642,1.2383403494911467,0.8341673287256843
weak_chaos,45,2,0.9293333333333333,1.5960366328745692,0.9981536450893396,0.636,1.240432140622044,0.8343284119827151
weak_chaos,45,3,0.9273333333333333,1.5918530506127748,0.9981004310403959,0.634,1.2362485583602496,0.8342751979337715
weak_chaos,45,4,0.942,1.5897612594818775,0.9969055950829181,0.6486666666666666,1.2341567672293523,0.8330803619762936
weak_chaos,45,5,0.91,1.593944841743672,0.9978058935578236,0.6166666666666667,1.2383403494911467,0.8339806604511991
weak_chaos,45,6,0.914,1.5960366328745692,0.99819398756997,0.6206666666666667,1.240432140622044,0.8343687544633456
weak_chaos,45,7,0.9253333333333333,1.5918530506127748,0.9982715086897803,0.632,1.2362485583602496,0.8344462755831559
weak_chaos,45,8,0.9153333333333333,1.5960366328745692,0.9979002067958108,0.622,1.240432140622044,0.8340749736891864
weak_chaos,45,9,0.9193333333333333,1.5897612594818775,0.9973534007406725,0.626,1.2341567672293523,0.833528167634048
weak_chaos,45,10,0.9073333333333333,1.5981284240054663,0.9982876797509572,0.614,1.242523931752941,0.8344624466443328
weak_chaos,46,1,0.9186666666666666,1.6002202151363636,0.998398650092323,0.6333333333333333,1.2467075140147355,0.8347025670193834
weak_chaos,46,2,0.93,1.5897612594818775,0.9984566792356264,0.6446666666666667,1.2362485583602494,0.8347605961626868
weak_chaos,46,3,0.92,1.5918530506127748,0.9982171953312813,0.6346666666666667,1.2383403494911467,0.8345211122583417
weak_chaos,46,4,0.9293333333333333,1.5981284240054663,0.998547177567049,0.644,1.2446157228838381,0.8348510944941094
weak_chaos,46,5,0.918,1.593944841743672,0.99767765696188,0.6326666666666667,1.240432140622044,0.8339815738889405
weak_chaos,46,6,0.938,1.5960366328745692,0.9982732727733511,0.6526666666666666,1.2425239317529413,0.8345771897004115
weak_chaos,46,7,0.926,1.5897612594818775,0.9979370912169403,0.6406666666666667,1.2362485583602494,0.8342410081440007
weak_chaos,46,8,0.9393333333333334,1.593944841743672,0.9980223653167489,0.654,1.240432140622044,0.8343262822438093
weak_chaos,46,9,0.9306666666666666,1.593944841743672,0.997931903249546,0.6453333333333333,1.240432140622044,0.8342358201766064
weak_chaos,46,10,0.922,1.6002202151363636,0.9983565772385495,0.6366666666666667,1.2467075140147355,0.83466049416561
weak_chaos,47,1,0.9253333333333333,1.5960366328745692,0.9981800926613111,0.6406666666666667,1.240432140622044,0.83451604076849
weak_chaos,47,2,0.9226666666666666,1.5897612594818775,0.9986095697056387,0.6379999999999999,1.2341567672293523,0.8349455178128176
weak_chaos,47,3,0.912,1.5918530506127748,0.9977996005990659,0.6273333333333333,1.2362485583602496,0.8341355487062447
weak_chaos,47,4,0.924,1.5918530506127748,0.9979309744655276,0.6393333333333333,1.2362485583602496,0.8342669225727064
weak_chaos,47,5,0.9206666666666666,1.5918530506127748,0.9972726074114526,0.6359999999999999,1.2362485583602496,0.8336085555186314
weak_chaos,47,6,0.932,1.5897612594818775,0.9979700650600316,0.6473333333333333,1.2341567672293523,0.8343060131672104
weak_chaos,47,7,0.938,1.5981284240054663,0.9980571582638907,0.6533333333333333,1.242523931752941,0.8343931063710696
weak_chaos,47,8,0.936,1.593944841743672,0.9981252401968455,0.6513333333333333,1.2383403494911467,0.8344611883040243
weak_chaos,47,9,0.9173333333333333,1.5960366328745692,0.9976043907749226,0.6326666666666667,1.240432140622044,0.8339403388821014
weak_chaos,47,10,0.9186666666666666,1.593944841743672,0.9984744847018406,0.6339999999999999,1.2383403494911467,0.8348104328090195
weak_chaos,48,1,0.9306666666666666,1.593944841743672,0.9979408380051702,0.6639999999999999,1.240432140622044,0.8344338895566508
weak_chaos,48,2,0.9326666666666666,1.5897612594818775,0.9978814651616668,0.6659999999999999,1.2362485583602494,0.8343745167131473
weak_chaos,48,3,0.9126666666666666,1.593944841743672,0.9981573956728393,0.6459999999999999,1.240432140622044,0.8346504472243199
weak_chaos,48,4,0.9226666666666666,1.5918530506127748,0.9980983178329853,0.6559999999999999,1.2383403494911467,0.8345913693844659
weak_chaos,48,5,0.904,1.5981284240054663,0.9971332194925991,0.6373333333333333,1.2446157228838381,0.8336262710440797
weak_chaos,48,6,0.9373333333333334,1.593944841743672,0.9982462779488485,0.6706666666666667,1.240432140622044,0.834739329500329
weak_chaos,48,7,0.928,1.5897612594818775,0.9981259436228799,0.6613333333333333,1.2362485583602494,0.8346189951743604
weak_chaos,48,8,0.93,1.5918530506127748,0.9981672350280565,0.6633333333333333,1.2383403494911467,0.8346602865795371
weak_chaos,48,9,0.9186666666666666,1.5960366328745692,0.9973236891994053,0.6519999999999999,1.2425239317529413,0.8338167407508859
weak_chaos,48,10,0.9233333333333333,1.593944841743672,0.9981612797422159,0.6566666666666667,1.240432140622044,0.8346543312936965
